,City,Year,Total Population,Total Population Male,Total Population Female,Agg Travel to Wrk(min),Agg Travel to Wrk(min):Less than 10 min,Agg Travel to Wrk(min):10 to 14 min,Agg Travel to Wrk(min):15 to 19 min,Agg Travel to Wrk(min):20 to 24 min,Agg Travel to Wrk(min):25 to 29 min,Agg Travel to Wrk(min):30 to 34 min,Agg Travel to Wrk(min):35 to 44 min,Agg Travel to Wrk(min):45 to 59 min,Agg Travel to Wrk(min):60 or more min,Agg Travel to Wrk(min) Mode :Total,Agg Travel to Wrk(min) Mode :Car,Agg Travel to Wrk(min) Mode :Car alone,Agg Travel to Wrk(min) Mode :Car Carpool,Agg Travel to Wrk(min) Mode :Car Carpool 2P,Agg Travel to Wrk(min) Mode :Car Carpool 3P+,Agg Travel to Wrk(min) Mode :Pub Tran !=cab,Agg Travel to Wrk(min) Mode :Pub Tran !=cab Bus or trolley,"Agg Travel to Wrk(min) Mode :Pub Tran !=cab St/trolly car subway, elevated",Agg Travel to Wrk(min) Mode :Pub Tran !=cab RR ferry,Agg Travel to Wrk(min) Mode :Walked,"Agg Travel to Wrk(min) Mode :Taxicab, motor/bicycle, other",Pov Stat :Total,Pov Stat :Male,Pov Stat :Female,Income/Poverty level :Total,Income/Poverty level :Under .50,Income/Poverty level :.50 to .74,Income/Poverty level :.75 to .99,Income/Poverty level :1.00 to 1.24,Income/Poverty level :1.25 to 1.49,Income/Poverty level :1.50 to 1.74,Income/Poverty level :1.75 to 1.84,Income/Poverty level :1.85 to 1.99,Income/Poverty level :2.00 to 2.99,Income/Poverty level :3.00 to 3.99,Income/Poverty level :4.00 to 4.99,Income/Poverty level :5.00 and over,HI cover: TOTAL,HI cover: Male,HI cover: Female,Priv HI cover: Total,Priv HI cover: Male,Priv HI cover: Female,Pub HI cover: Total,Pub HI cover: Male,Pub HI cover: Female,Employer HI cover: Total,Employer HI cover: Male,Employer HI cover: Female,Direct HI cover: Total,Direct HI cover: Male,Direct HI cover: Female,Medicaid/Means-det Pub HI cover: Total,Medicaid/Means-det Pub HI cover: Male,Medicaid/Means-det Pub HI cover: Female
0,Avondale city,2011,77526.0,36926.0,40600.0,725660.0,10190.0,34740.0,111270.0,78700.0,44320.0,137850.0,94310.0,92085.0,122195.0,,,,,,,,,,,,,77386.0,7526.0,9410.0,77386.0,5495.0,3041.0,8400.0,4340.0,6100.0,3367.0,372.0,2839.0,22513.0,10047.0,2319.0,8553.0,77386.0,36915.0,40471.0,77386.0,36915.0,40471.0,77386.0,36915.0,40471.0,77386.0,36915.0,40471.0,77386.0,36915.0,40471.0,77386.0,36915.0,40471.0
1,Casas Adobes CDP,2011,67496.0,31751.0,35745.0,670530.0,14570.0,43975.0,65200.0,85770.0,65635.0,159730.0,93325.0,66035.0,76290.0,,,,,,,,,,,,,66562.0,3681.0,4337.0,66562.0,3416.0,1913.0,2689.0,3431.0,2042.0,2982.0,742.0,1762.0,12375.0,8679.0,6986.0,19545.0,66528.0,31192.0,35336.0,66528.0,31192.0,35336.0,66528.0,31192.0,35336.0,66528.0,31192.0,35336.0,66528.0,31192.0,35336.0,66528.0,31192.0,35336.0
2,Chandler city,2011,240098.0,119460.0,120638.0,2654485.0,68860.0,141465.0,321925.0,339310.0,314165.0,431375.0,348060.0,371455.0,317865.0,,,,,,,,,,,,,238542.0,12137.0,12810.0,238542.0,11136.0,7868.0,5943.0,3396.0,6381.0,7009.0,5471.0,5987.0,35561.0,35685.0,30015.0,84090.0,239902.0,119323.0,120579.0,239902.0,119323.0,120579.0,239902.0,119323.0,120579.0,239902.0,119323.0,120579.0,239902.0,119323.0,120579.0,239902.0,119323.0,120579.0
3,Flagstaff city,2011,65904.0,32208.0,33696.0,502245.0,48895.0,117045.0,81120.0,47630.0,22750.0,17760.0,16090.0,25315.0,125635.0,502245.0,410075.0,325215.0,84855.0,68745.0,16110.0,21035.0,21035.0,,,44120.0,27015.0,57841.0,6634.0,7402.0,57841.0,6605.0,3676.0,3755.0,4170.0,3274.0,1862.0,1485.0,1647.0,7392.0,7999.0,3342.0,12634.0,65453.0,31889.0,33564.0,65453.0,31889.0,33564.0,65453.0,31889.0,33564.0,65453.0,31889.0,33564.0,65453.0,31889.0,33564.0,65453.0,31889.0,33564.0
4,Gilbert town,2011,211964.0,105466.0,106498.0,2445905.0,55535.0,99485.0,159805.0,297495.0,152140.0,490050.0,225320.0,446385.0,519695.0,,,,,,,,,,,,,211076.0,7403.0,7680.0,211076.0,8407.0,3019.0,3657.0,7011.0,3677.0,7272.0,9420.0,4611.0,43964.0,30112.0,24074.0,65852.0,211596.0,105183.0,106413.0,211596.0,105183.0,106413.0,211596.0,105183.0,106413.0,211596.0,105183.0,106413.0,211596.0,105183.0,106413.0,211596.0,105183.0,106413.0
5,Glendale city,2011,230466.0,115974.0,114492.0,2811225.0,39990.0,103620.0,218740.0,331550.0,219335.0,542505.0,343905.0,426845.0,584735.0,2811225.0,2517775.0,1963815.0,553960.0,400190.0,153770.0,170800.0,170800.0,,,22285.0,100365.0,228437.0,20431.0,23537.0,228437.0,19741.0,10511.0,13716.0,10152.0,13123.0,14860.0,3859.0,7490.0,41400.0,29094.0,23256.0,41235.0,228441.0,114765.0,113676.0,228441.0,114765.0,113676.0,228441.0,114765.0,113676.0,228441.0,114765.0,113676.0,228441.0,114765.0,113676.0,228441.0,114765.0,113676.0
6,Goodyear city,2011,66312.0,33299.0,33013.0,818330.0,3090.0,43065.0,31830.0,93320.0,22185.0,116280.0,200040.0,225085.0,83440.0,,,,,,,,,,,,,,,,62489.0,2898.0,403.0,1865.0,2599.0,3214.0,3115.0,1349.0,1466.0,13115.0,8399.0,6251.0,17815.0,62581.0,31438.0,31143.0,62581.0,31438.0,31143.0,62581.0,31438.0,31143.0,62581.0,31438.0,31143.0,62581.0,31438.0,31143.0,62581.0,31438.0,31143.0
7,Mesa city,2011,446498.0,219468.0,227030.0,4518795.0,101005.0,203260.0,459080.0,585975.0,304320.0,1009760.0,597405.0,569205.0,688790.0,,,,,,,,,,,,,442232.0,33341.0,41368.0,442232.0,32487.0,16485.0,25737.0,22953.0,28114.0,21201.0,12361.0,13329.0,82385.0,64907.0,36660.0,85613.0,445115.0,218876.0,226239.0,445115.0,218876.0,226239.0,445115.0,218876.0,226239.0,445115.0,218876.0,226239.0,445115.0,218876.0,226239.0,445115.0,218876.0,226239.0
8,Peoria city,2011,156634.0,76777.0,79857.0,1869475.0,18905.0,82170.0,158415.0,221160.0,121995.0,346230.0,214000.0,385270.0,321335.0,1869475.0,1822495.0,1522090.0,300405.0,228445.0,71960.0,5385.0,5385.0,,,1245.0,40350.0,155291.0,9450.0,7725.0,155291.0,8103.0,4691.0,4381.0,5730.0,2892.0,4879.0,1629.0,4685.0,26409.0,25799.0,17313.0,48780.0,155564.0,76406.0,79158.0,155564.0,76406.0,79158.0,155564.0,76406.0,79158.0,155564.0,76406.0,79158.0,155564.0,76406.0,79158.0,155564.0,76406.0,79158.0
9,Phoenix city,2011,1469484.0,739978.0,729506.0,15107935.0,285610.0,873985.0,1445940.0,2129715.0,1209015.0,3482380.0,1627330.0,1695230.0,2358725.0,15107935.0,13163370.0,11157875.0,2005495.0,1542555.0,462945.0,1282000.0,1224115.0,57885.0,,154890.0,507670.0,1450915.0,162724.0,169938.0,1450915.0,157436.0,82989.0,92237.0,100649.0,91560.0,71170.0,26766.0,37800.0,233969.0,157777.0,129587.0,268975.0,1458286.0,731444.0,726842.0,1458286.0,731444.0,726842.0,1458286.0,731444.0,726842.0,1458286.0,731444.0,726842.0,1458286.0,731444.0,726842.0,1458286.0,731444.0,726842.0
10,San Tan Valley CDP,2011,83217.0,44261.0,38956.0,1005080.0,5795.0,,16980.0,42720.0,47900.0,136920.0,119835.0,234355.0,400575.0,,,,,,,,,,,,,83217.0,6789.0,5414.0,83217.0,7086.0,213.0,4904.0,3854.0,4192.0,7399.0,2785.0,6676.0,16296.0,15610.0,6968.0,7234.0,82679.0,43723.0,38956.0,82679.0,43723.0,38956.0,82679.0,43723.0,38956.0,82679.0,43723.0,38956.0,,,,82679.0,43723.0,38956.0
11,Scottsdale city,2011,221007.0,103935.0,117072.0,2076010.0,60620.0,157175.0,271145.0,338580.0,198575.0,388320.0,288585.0,173275.0,199740.0,,,,,,,,,,,,,219993.0,8766.0,10824.0,219993.0,8115.0,5050.0,6425.0,8223.0,8477.0,5110.0,3880.0,6936.0,26089.0,28167.0,18610.0,94911.0,220323.0,103775.0,116548.0,220323.0,103775.0,116548.0,220323.0,103775.0,116548.0,220323.0,103775.0,116548.0,220323.0,103775.0,116548.0,220323.0,103775.0,116548.0
12,Surprise city,2011,119494.0,57023.0,62471.0,1110170.0,22185.0,52750.0,55920.0,61740.0,19350.0,198240.0,163715.0,240115.0,296155.0,,,,,,,,,,,,,118628.0,4849.0,7782.0,118628.0,5796.0,5185.0,1650.0,6880.0,6523.0,7655.0,1865.0,3702.0,25249.0,22596.0,13879.0,17648.0,118742.0,56331.0,62411.0,118742.0,56331.0,62411.0,118742.0,56331.0,62411.0,118742.0,56331.0,62411.0,118742.0,56331.0,62411.0,118742.0,56331.0,62411.0
13,Tempe city,2011,164264.0,82935.0,81329.0,1565300.0,51160.0,152305.0,217550.0,272610.0,110065.0,293970.0,135150.0,153815.0,178685.0,,,,,,,,,,,,,153531.0,15189.0,17381.0,153531.0,19343.0,7201.0,6026.0,8723.0,9201.0,6569.0,4351.0,3073.0,25209.0,17584.0,11606.0,34645.0,163955.0,82826.0,81129.0,163955.0,82826.0,81129.0,163955.0,82826.0,81129.0,163955.0,82826.0,81129.0,163955.0,82826.0,81129.0,163955.0,82826.0,81129.0
14,Tucson city,2011,525798.0,262747.0,263051.0,4749365.0,111140.0,377380.0,565330.0,796685.0,438475.0,887460.0,377480.0,411180.0,784240.0,4749365.0,4050975.0,3501820.0,549155.0,407005.0,142150.0,404450.0,404450.0,,,91755.0,202190.0,506585.0,64136.0,70412.0,506585.0,64095.0,35486.0,34967.0,33048.0,38708.0,25432.0,10180.0,13906.0,87001.0,58230.0,38938.0,66594.0,513534.0,252644.0,260890.0,513534.0,252644.0,260890.0,513534.0,252644.0,260890.0,513534.0,252644.0,260890.0,513534.0,252644.0,260890.0,513534.0,252644.0,260890.0
15,Yuma city,2011,94543.0,47399.0,47144.0,578860.0,39200.0,92075.0,110385.0,86940.0,32000.0,74970.0,7925.0,24910.0,110455.0,,,,,,,,,,,,,88631.0,6449.0,9082.0,88631.0,6689.0,3298.0,5544.0,5590.0,12033.0,5049.0,1245.0,681.0,20754.0,11544.0,3135.0,13069.0,88357.0,41877.0,46480.0,88357.0,41877.0,46480.0,88357.0,41877.0,46480.0,88357.0,41877.0,46480.0,88357.0,41877.0,46480.0,88357.0,41877.0,46480.0
16,Avondale city,2012,78274.0,37383.0,40891.0,904950.0,13610.0,64260.0,74575.0,81090.0,39135.0,212610.0,135690.0,117635.0,166345.0,904950.0,873175.0,658610.0,214565.0,132545.0,82020.0,3170.0,3170.0,,,4505.0,24100.0,77081.0,5803.0,8114.0,77081.0,8159.0,3741.0,2017.0,4507.0,4289.0,5267.0,1284.0,2374.0,14694.0,11029.0,7824.0,11896.0,77869.0,37067.0,40802.0,77869.0,37067.0,40802.0,77869.0,37067.0,40802.0,77869.0,37067.0,40802.0,77869.0,37067.0,40802.0,77869.0,37067.0,40802.0
17,Casas Adobes CDP,2012,71976.0,34718.0,37258.0,711710.0,21235.0,32365.0,74455.0,75685.0,52650.0,191185.0,102195.0,75025.0,86920.0,711710.0,654935.0,573160.0,81775.0,77195.0,4580.0,27795.0,27795.0,,,6835.0,22145.0,71006.0,3044.0,3623.0,71006.0,2435.0,3243.0,989.0,4572.0,2169.0,6000.0,2708.0,1020.0,14753.0,11457.0,7317.0,14343.0,70949.0,34182.0,36767.0,70949.0,34182.0,36767.0,70949.0,34182.0,36767.0,70949.0,34182.0,36767.0,70949.0,34182.0,36767.0,70949.0,34182.0,36767.0
18,Chandler city,2012,245642.0,122484.0,123158.0,2823345.0,72925.0,184620.0,303270.0,429365.0,171875.0,540930.0,261620.0,364625.0,494110.0,,,,,,,,,,,,,244825.0,10541.0,12221.0,244825.0,11081.0,5475.0,6206.0,8237.0,10808.0,11181.0,1611.0,5462.0,39805.0,36796.0,25342.0,82821.0,245439.0,122380.0,123059.0,245439.0,122380.0,123059.0,245439.0,122380.0,123059.0,245439.0,122380.0,123059.0,245439.0,122380.0,123059.0,245439.0,122380.0,123059.0
19,Flagstaff city,2012,67472.0,33773.0,33699.0,492730.0,49355.0,80440.0,140710.0,53640.0,4725.0,23100.0,24500.0,43765.0,72500.0,492730.0,360735.0,303815.0,56920.0,48085.0,8840.0,32520.0,32520.0,,,61455.0,38020.0,59540.0,7961.0,7646.0,59540.0,8808.0,2370.0,4429.0,1222.0,2367.0,3538.0,1588.0,1252.0,7263.0,8038.0,6009.0,12656.0,66884.0,33372.0,33512.0,66884.0,33372.0,33512.0,66884.0,33372.0,33512.0,66884.0,33372.0,33512.0,66884.0,33372.0,33512.0,66884.0,33372.0,33512.0
20,Gilbert town,2012,221136.0,107354.0,113782.0,2660635.0,40490.0,100825.0,169470.0,367715.0,208070.0,445055.0,364610.0,434265.0,530125.0,,,,,,,,,,,,,220708.0,6614.0,8724.0,220708.0,7701.0,2299.0,5338.0,5343.0,2947.0,4702.0,3034.0,5428.0,41138.0,32837.0,32244.0,77697.0,220767.0,107025.0,113742.0,220767.0,107025.0,113742.0,220767.0,107025.0,113742.0,220767.0,107025.0,113742.0,220767.0,107025.0,113742.0,220767.0,107025.0,113742.0
21,Glendale city,2012,232118.0,114099.0,118019.0,2692385.0,50050.0,109385.0,233425.0,378305.0,224245.0,520585.0,280265.0,277285.0,618840.0,2692385.0,2432200.0,1927430.0,504775.0,311910.0,192865.0,193380.0,193380.0,,,23330.0,43475.0,228627.0,23001.0,28621.0,228627.0,21899.0,15327.0,14396.0,13129.0,13884.0,10758.0,4819.0,7006.0,41371.0,28987.0,17959.0,39092.0,229896.0,112394.0,117502.0,229896.0,112394.0,117502.0,229896.0,112394.0,117502.0,229896.0,112394.0,117502.0,229896.0,112394.0,117502.0,229896.0,112394.0,117502.0
22,Goodyear city,2012,69631.0,32540.0,37091.0,838145.0,11410.0,18715.0,47785.0,58840.0,45505.0,113340.0,118805.0,274900.0,148840.0,,,,,,,,,,,,,65058.0,2618.0,2109.0,65058.0,2155.0,576.0,1996.0,2174.0,4011.0,2679.0,746.0,1930.0,10191.0,9089.0,8503.0,21008.0,65360.0,31845.0,33515.0,65360.0,31845.0,33515.0,65360.0,31845.0,33515.0,65360.0,31845.0,33515.0,65360.0,31845.0,33515.0,65360.0,31845.0,33515.0
23,Mesa city,2012,452068.0,220768.0,231300.0,4641495.0,86940.0,245940.0,450175.0,573155.0,352815.0,992000.0,567945.0,539480.0,833050.0,4641495.0,4124235.0,3559840.0,564395.0,435315.0,129080.0,282720.0,253605.0,25875.0,3240.0,20955.0,213590.0,448007.0,37642.0,41045.0,448007.0,35162.0,23048.0,20477.0,22392.0,23896.0,26216.0,7890.0,14174.0,80398.0,64981.0,43241.0,86132.0,450416.0,220234.0,230182.0,450416.0,220234.0,230182.0,450416.0,220234.0,230182.0,450416.0,220234.0,230182.0,450416.0,220234.0,230182.0,450416.0,220234.0,230182.0
24,Peoria city,2012,159761.0,76732.0,83029.0,1882950.0,23940.0,81325.0,151485.0,192890.0,114580.0,371640.0,232095.0,335245.0,379755.0,1882950.0,1798025.0,1565565.0,232465.0,187600.0,44865.0,35390.0,35390.0,,,24620.0,24910.0,158340.0,6823.0,7473.0,158340.0,6576.0,2865.0,4855.0,6254.0,6451.0,5116.0,1910.0,4851.0,30496.0,23446.0,22675.0,42845.0,158766.0,76284.0,82482.0,158766.0,76284.0,82482.0,158766.0,76284.0,82482.0,158766.0,76284.0,82482.0,158766.0,76284.0,82482.0,158766.0,76284.0,82482.0
25,Phoenix city,2012,1488759.0,743172.0,745587.0,15220960.0,285955.0,826340.0,1545030.0,2250845.0,1135915.0,3507825.0,1565775.0,1819110.0,2284160.0,15220960.0,13509655.0,11530740.0,1978920.0,1451165.0,527750.0,1003175.0,961985.0,30080.0,11110.0,142050.0,566075.0,1472974.0,165894.0,188968.0,1472974.0,171319.0,92249.0,91294.0,91777.0,92497.0,86124.0,30292.0,42358.0,233268.0,160775.0,110123.0,270898.0,1479625.0,736349.0,743276.0,1479625.0,736349.0,743276.0,1479625.0,736349.0,743276.0,1479625.0,736349.0,743276.0,1479625.0,736349.0,743276.0,1479625.0,736349.0,743276.0
26,San Tan Valley CDP,2012,82760.0,41569.0,41191.0,1216365.0,5165.0,17425.0,32580.0,40980.0,60245.0,81900.0,238340.0,410205.0,329525.0,,,,,,,,,,,,,81867.0,5219.0,6486.0,81867.0,5955.0,4452.0,1298.0,2112.0,1502.0,3700.0,1248.0,6708.0,18177.0,16815.0,8536.0,11364.0,82760.0,41569.0,41191.0,82760.0,41569.0,41191.0,82760.0,41569.0,41191.0,82760.0,41569.0,41191.0,82760.0,41569.0,41191.0,82760.0,41569.0,41191.0
27,Scottsdale city,2012,223517.0,109243.0,114274.0,2261955.0,50900.0,162235.0,263225.0,326170.0,211300.0,548490.0,224275.0,200790.0,274570.0,,,,,,,,,,,,,222015.0,9402.0,11494.0,222015.0,10873.0,6098.0,3925.0,6417.0,3928.0,8900.0,4614.0,4698.0,25749.0,22764.0,20340.0,103709.0,222753.0,108994.0,113759.0,222753.0,108994.0,113759.0,222753.0,108994.0,113759.0,222753.0,108994.0,113759.0,222753.0,108994.0,113759.0,222753.0,108994.0,113759.0
28,Surprise city,2012,121276.0,61288.0,59988.0,1377295.0,19055.0,32690.0,56365.0,95570.0,83660.0,232470.0,177075.0,302960.0,377450.0,,,,,,,,,,,,,120402.0,5474.0,7646.0,120402.0,6536.0,2902.0,3682.0,3944.0,7740.0,5686.0,533.0,2386.0,22639.0,26313.0,15964.0,22077.0,120966.0,61040.0,59926.0,120966.0,61040.0,59926.0,120966.0,61040.0,59926.0,120966.0,61040.0,59926.0,120966.0,61040.0,59926.0,120966.0,61040.0,59926.0
29,Tempe city,2012,166862.0,87008.0,79854.0,1721180.0,41870.0,170380.0,225310.0,370475.0,133140.0,324720.0,117550.0,118035.0,219700.0,1721180.0,1404110.0,1274080.0,130035.0,100850.0,29185.0,165365.0,147785.0,17580.0,,30360.0,121345.0,156497.0,18617.0,18309.0,156497.0,24529.0,6618.0,5779.0,4580.0,9837.0,4956.0,1393.0,2992.0,26991.0,20104.0,17444.0,31274.0,166544.0,86877.0,79667.0,166544.0,86877.0,79667.0,166544.0,86877.0,79667.0,166544.0,86877.0,79667.0,166544.0,86877.0,79667.0,166544.0,86877.0,79667.0
30,Tucson city,2012,524278.0,260034.0,264244.0,4719240.0,130030.0,334020.0,658295.0,782890.0,395510.0,1023480.0,352320.0,337215.0,705475.0,4719240.0,4051215.0,3425385.0,625825.0,403965.0,221860.0,335045.0,329095.0,5950.0,,116810.0,216175.0,503764.0,62598.0,71899.0,503764.0,61540.0,34996.0,37961.0,36926.0,27505.0,34785.0,7938.0,14104.0,89719.0,53616.0,35659.0,69015.0,509489.0,247862.0,261627.0,509489.0,247862.0,261627.0,509489.0,247862.0,261627.0,509489.0,247862.0,261627.0,509489.0,247862.0,261627.0,509489.0,247862.0,261627.0
31,Yuma city,2012,95424.0,49685.0,45739.0,560770.0,46275.0,102335.0,105850.0,87260.0,22850.0,54060.0,33035.0,39060.0,70040.0,560770.0,509485.0,429695.0,79790.0,60740.0,19050.0,15075.0,15075.0,,,15140.0,21070.0,89025.0,8186.0,11099.0,89025.0,9728.0,2719.0,6838.0,4337.0,7620.0,6832.0,1817.0,3687.0,19392.0,9991.0,6576.0,9488.0,88404.0,43319.0,45085.0,88404.0,43319.0,45085.0,88404.0,43319.0,45085.0,88404.0,43319.0,45085.0,88404.0,43319.0,45085.0,88404.0,43319.0,45085.0
32,Avondale city,2013,78817.0,38195.0,40622.0,979995.0,14115.0,39380.0,57880.0,111000.0,60250.0,180420.0,82305.0,181290.0,253355.0,979995.0,922000.0,770160.0,151840.0,133710.0,18130.0,21485.0,21485.0,,,5745.0,30765.0,78654.0,7524.0,7493.0,78654.0,6864.0,3310.0,4843.0,2684.0,3816.0,4515.0,1070.0,3091.0,19869.0,10526.0,8613.0,9453.0,78466.0,37887.0,40579.0,78466.0,37887.0,40579.0,78466.0,37887.0,40579.0,78466.0,37887.0,40579.0,78466.0,37887.0,40579.0,78466.0,37887.0,40579.0
33,Casas Adobes CDP,2013,69653.0,34226.0,35427.0,687135.0,9665.0,39115.0,61760.0,106085.0,63350.0,162645.0,110325.0,100055.0,34140.0,,,,,,,,,,,,,68497.0,3492.0,5444.0,68497.0,6197.0,1518.0,1221.0,1649.0,5713.0,2321.0,1204.0,2205.0,13816.0,12027.0,6665.0,13961.0,68781.0,33663.0,35118.0,68781.0,33663.0,35118.0,68781.0,33663.0,35118.0,68781.0,33663.0,35118.0,68781.0,33663.0,35118.0,68781.0,33663.0,35118.0
34,Chandler city,2013,249139.0,120608.0,128531.0,2761320.0,63120.0,146590.0,293545.0,457720.0,268195.0,413135.0,358460.0,385380.0,375175.0,,,,,,,,,,,,,247835.0,11646.0,14153.0,247835.0,13146.0,5662.0,6991.0,11527.0,8157.0,9636.0,2651.0,3586.0,35898.0,38328.0,32789.0,79464.0,248955.0,120504.0,128451.0,248955.0,120504.0,128451.0,248955.0,120504.0,128451.0,248955.0,120504.0,128451.0,248955.0,120504.0,128451.0,248955.0,120504.0,128451.0
35,Flagstaff city,2013,68661.0,34324.0,34337.0,580095.0,50180.0,105755.0,111505.0,39245.0,15275.0,49020.0,32570.0,62555.0,113990.0,580095.0,458050.0,402535.0,55515.0,29825.0,25690.0,15265.0,15265.0,,,72675.0,34105.0,59886.0,6925.0,7715.0,59886.0,6634.0,2760.0,5246.0,2234.0,2367.0,3368.0,645.0,304.0,8375.0,11008.0,4115.0,12830.0,68018.0,33888.0,34130.0,68018.0,33888.0,34130.0,68018.0,33888.0,34130.0,68018.0,33888.0,34130.0,68018.0,33888.0,34130.0,68018.0,33888.0,34130.0
36,Gilbert town,2013,229989.0,116912.0,113077.0,2782390.0,43970.0,119655.0,221140.0,354460.0,223535.0,477485.0,311905.0,549450.0,480785.0,2782390.0,2675365.0,2357815.0,317550.0,218135.0,99415.0,38540.0,38540.0,,,5335.0,63150.0,229270.0,7138.0,6416.0,229270.0,6414.0,2207.0,4933.0,6191.0,6479.0,5851.0,3105.0,3349.0,37210.0,35620.0,39623.0,78288.0,229613.0,116692.0,112921.0,229613.0,116692.0,112921.0,229613.0,116692.0,112921.0,229613.0,116692.0,112921.0,229613.0,116692.0,112921.0,229613.0,116692.0,112921.0
37,Glendale city,2013,234618.0,118809.0,115809.0,2495995.0,41930.0,106795.0,173115.0,341990.0,156675.0,445230.0,332950.0,310630.0,586675.0,2495995.0,2169695.0,1763230.0,406470.0,327890.0,78580.0,266000.0,266000.0,,,6385.0,53915.0,231293.0,29337.0,31599.0,231293.0,30894.0,14171.0,15871.0,15147.0,12728.0,14323.0,4834.0,7289.0,35749.0,25123.0,20980.0,34184.0,232437.0,117414.0,115023.0,232437.0,117414.0,115023.0,232437.0,117414.0,115023.0,232437.0,117414.0,115023.0,232437.0,117414.0,115023.0,232437.0,117414.0,115023.0
38,Goodyear city,2013,72862.0,31726.0,41136.0,745045.0,9600.0,35360.0,53135.0,78180.0,43130.0,141420.0,151035.0,117775.0,115410.0,,,,,,,,,,,,,68253.0,3549.0,3811.0,68253.0,1287.0,2803.0,3270.0,2245.0,1101.0,3864.0,163.0,1527.0,11007.0,11910.0,8291.0,20785.0,68981.0,30951.0,38030.0,68981.0,30951.0,38030.0,68981.0,30951.0,38030.0,68981.0,30951.0,38030.0,68981.0,30951.0,38030.0,68981.0,30951.0,38030.0
39,Mesa city,2013,457595.0,225463.0,232132.0,4845660.0,82860.0,253320.0,464200.0,639830.0,414780.0,1062340.0,533570.0,589440.0,805315.0,,,,,,,,,,,,,454312.0,36496.0,39114.0,454312.0,36856.0,18756.0,19998.0,26786.0,22043.0,26155.0,6868.0,13779.0,77409.0,72638.0,43855.0,89169.0,456197.0,224862.0,231335.0,456197.0,224862.0,231335.0,456197.0,224862.0,231335.0,456197.0,224862.0,231335.0,456197.0,224862.0,231335.0,456197.0,224862.0,231335.0
40,Peoria city,2013,162617.0,76476.0,86141.0,1794595.0,24020.0,68005.0,138695.0,228310.0,124270.0,340560.0,208650.0,327390.0,334690.0,1794595.0,1736745.0,1482400.0,254340.0,167435.0,86905.0,19340.0,19340.0,,,2135.0,36375.0,161059.0,7053.0,11489.0,161059.0,8409.0,5448.0,4685.0,6118.0,8941.0,7102.0,2931.0,5676.0,23310.0,23257.0,22159.0,43023.0,161385.0,75674.0,85711.0,161385.0,75674.0,85711.0,161385.0,75674.0,85711.0,161385.0,75674.0,85711.0,161385.0,75674.0,85711.0,161385.0,75674.0,85711.0
41,Phoenix city,2013,1513350.0,756150.0,757200.0,15784495.0,299745.0,866470.0,1519225.0,2158615.0,1215590.0,3512775.0,1626795.0,2163680.0,2421600.0,15784495.0,13795940.0,11666520.0,2129425.0,1615165.0,514260.0,1266810.0,1188720.0,43990.0,34100.0,170050.0,551695.0,1497409.0,163356.0,189947.0,1497409.0,168969.0,97272.0,87062.0,85793.0,94737.0,77944.0,36023.0,48729.0,242357.0,165038.0,121049.0,272436.0,1503705.0,748399.0,755306.0,1503705.0,748399.0,755306.0,1503705.0,748399.0,755306.0,1503705.0,748399.0,755306.0,1503705.0,748399.0,755306.0,1503705.0,748399.0,755306.0
42,San Tan Valley CDP,2013,93346.0,47157.0,46189.0,1399830.0,10185.0,10415.0,33855.0,55740.0,43050.0,147955.0,189040.0,486985.0,422605.0,,,,,,,,,,,,,93268.0,6649.0,7797.0,93268.0,4211.0,6940.0,3295.0,2207.0,7283.0,5993.0,1632.0,3583.0,18908.0,17499.0,8902.0,12815.0,93346.0,47157.0,46189.0,93346.0,47157.0,46189.0,93346.0,47157.0,46189.0,93346.0,47157.0,46189.0,93346.0,47157.0,46189.0,93346.0,47157.0,46189.0
43,Scottsdale city,2013,226909.0,112422.0,114487.0,2102230.0,78415.0,162540.0,262845.0,286020.0,224680.0,457900.0,189230.0,234270.0,206335.0,2102230.0,1922100.0,1777680.0,144420.0,121050.0,23370.0,64070.0,64070.0,,,19080.0,96980.0,225571.0,10913.0,10108.0,225571.0,12637.0,4871.0,3513.0,7066.0,8622.0,5991.0,2753.0,6407.0,29582.0,23614.0,21155.0,99360.0,225965.0,111972.0,113993.0,225965.0,111972.0,113993.0,225965.0,111972.0,113993.0,225965.0,111972.0,113993.0,225965.0,111972.0,113993.0,225965.0,111972.0,113993.0
44,Surprise city,2013,123569.0,57361.0,66208.0,1348815.0,18150.0,59710.0,62160.0,71080.0,52140.0,144930.0,245900.0,302365.0,392380.0,,,,,,,,,,,,,122730.0,5892.0,6970.0,122730.0,4660.0,2919.0,5283.0,3805.0,4822.0,5954.0,1435.0,2452.0,24504.0,23579.0,15124.0,28193.0,123014.0,56815.0,66199.0,123014.0,56815.0,66199.0,123014.0,56815.0,66199.0,123014.0,56815.0,66199.0,123014.0,56815.0,66199.0,123014.0,56815.0,66199.0
45,Tempe city,2013,168231.0,87787.0,80444.0,1782350.0,67180.0,171085.0,206375.0,322960.0,181325.0,308580.0,138065.0,161450.0,225330.0,,,,,,,,,,,,,157799.0,16942.0,17049.0,157799.0,18924.0,6349.0,8718.0,8112.0,6192.0,6244.0,2028.0,4967.0,32553.0,17257.0,10437.0,36018.0,167913.0,87594.0,80319.0,167913.0,87594.0,80319.0,167913.0,87594.0,80319.0,167913.0,87594.0,80319.0,167913.0,87594.0,80319.0,167913.0,87594.0,80319.0
46,Tucson city,2013,526141.0,260131.0,266010.0,4951455.0,123025.0,375165.0,655300.0,832035.0,393465.0,909150.0,375875.0,507730.0,779705.0,4951455.0,4105730.0,3468305.0,637430.0,459570.0,177860.0,443820.0,443820.0,,,101135.0,300765.0,503944.0,57043.0,70285.0,503944.0,63278.0,31031.0,33019.0,36486.0,34452.0,31039.0,12636.0,16319.0,92462.0,57742.0,30591.0,64889.0,511505.0,247271.0,264234.0,511505.0,247271.0,264234.0,511505.0,247271.0,264234.0,511505.0,247271.0,264234.0,511505.0,247271.0,264234.0,511505.0,247271.0,264234.0
47,Yuma city,2013,91915.0,49541.0,42374.0,588185.0,39635.0,94890.0,107795.0,91860.0,31100.0,113280.0,14015.0,21240.0,74370.0,,,,,,,,,,,,,87146.0,4037.0,5690.0,87146.0,3519.0,3016.0,3192.0,7455.0,7282.0,6891.0,1580.0,5096.0,20031.0,9648.0,8982.0,10454.0,86418.0,44247.0,42171.0,86418.0,44247.0,42171.0,86418.0,44247.0,42171.0,86418.0,44247.0,42171.0,86418.0,44247.0,42171.0,86418.0,44247.0,42171.0
48,Avondale city,2014,79621.0,40906.0,38715.0,909945.0,17630.0,40110.0,78355.0,134330.0,47770.0,146905.0,129605.0,129155.0,186085.0,909945.0,844045.0,665195.0,178845.0,121330.0,57520.0,43570.0,43570.0,,,4705.0,17630.0,79226.0,8261.0,7016.0,79226.0,6392.0,5434.0,3451.0,3346.0,3000.0,4396.0,1621.0,926.0,20131.0,11515.0,7859.0,11155.0,78956.0,40404.0,38552.0,78956.0,40404.0,38552.0,78956.0,40404.0,38552.0,78956.0,40404.0,38552.0,78956.0,40404.0,38552.0,78956.0,40404.0,38552.0
49,Casas Adobes CDP,2014,72867.0,34663.0,38204.0,746855.0,26360.0,44325.0,85035.0,80120.0,62400.0,173070.0,102345.0,108235.0,64965.0,746855.0,705800.0,657025.0,48775.0,39920.0,8855.0,21490.0,21490.0,,,8705.0,10860.0,71017.0,2398.0,2543.0,71017.0,2597.0,832.0,1512.0,3066.0,3167.0,3950.0,1147.0,192.0,15288.0,12633.0,8856.0,17777.0,71967.0,34112.0,37855.0,71967.0,34112.0,37855.0,71967.0,34112.0,37855.0,71967.0,34112.0,37855.0,71967.0,34112.0,37855.0,71967.0,34112.0,37855.0
50,Chandler city,2014,254275.0,126999.0,127276.0,2820745.0,72640.0,202225.0,358475.0,399475.0,189240.0,403800.0,365150.0,474530.0,355200.0,,,,,,,,,,,,,253016.0,12309.0,14079.0,253016.0,12386.0,6638.0,7364.0,7376.0,6208.0,10457.0,1643.0,5207.0,39479.0,38051.0,32578.0,85629.0,254109.0,126919.0,127190.0,254109.0,126919.0,127190.0,254109.0,126919.0,127190.0,254109.0,126919.0,127190.0,254109.0,126919.0,127190.0,254109.0,126919.0,127190.0
51,Flagstaff city,2014,68786.0,33678.0,35108.0,531705.0,51900.0,91250.0,124165.0,57160.0,23000.0,39960.0,15305.0,23730.0,105235.0,,,,,,,,,,,,,58488.0,7041.0,7700.0,58488.0,8287.0,3155.0,3299.0,4592.0,1001.0,3230.0,224.0,1196.0,9803.0,5034.0,4868.0,13799.0,67983.0,33071.0,34912.0,67983.0,33071.0,34912.0,67983.0,33071.0,34912.0,67983.0,33071.0,34912.0,67983.0,33071.0,34912.0,67983.0,33071.0,34912.0
52,Gilbert town,2014,239282.0,118543.0,120739.0,2853265.0,43815.0,97960.0,231460.0,360480.0,198990.0,535190.0,366120.0,500855.0,518390.0,,,,,,,,,,,,,238561.0,6968.0,9299.0,238561.0,8391.0,2388.0,5488.0,3339.0,6573.0,4993.0,3919.0,6802.0,40943.0,37897.0,29958.0,87870.0,239008.0,118358.0,120650.0,239008.0,118358.0,120650.0,239008.0,118358.0,120650.0,239008.0,118358.0,120650.0,239008.0,118358.0,120650.0,239008.0,118358.0,120650.0
53,Glendale city,2014,237529.0,112405.0,125124.0,2569020.0,38845.0,92290.0,192880.0,275270.0,182910.0,479825.0,288095.0,536475.0,482425.0,,,,,,,,,,,,,234380.0,19744.0,29590.0,234380.0,26809.0,9109.0,13416.0,14563.0,16022.0,11768.0,4463.0,4006.0,40033.0,30431.0,21836.0,41924.0,235566.0,111081.0,124485.0,235566.0,111081.0,124485.0,235566.0,111081.0,124485.0,235566.0,111081.0,124485.0,235566.0,111081.0,124485.0,235566.0,111081.0,124485.0
54,Goodyear city,2014,75676.0,37150.0,38526.0,878175.0,8525.0,42060.0,59665.0,117460.0,60475.0,101610.0,149930.0,132535.0,205915.0,,,,,,,,,,,,,72005.0,3975.0,4757.0,72005.0,3534.0,3079.0,2119.0,2355.0,1038.0,2453.0,830.0,347.0,14914.0,10501.0,10520.0,20315.0,72060.0,36689.0,35371.0,72060.0,36689.0,35371.0,72060.0,36689.0,35371.0,72060.0,36689.0,35371.0,72060.0,36689.0,35371.0,72060.0,36689.0,35371.0
55,Mesa city,2014,464682.0,230440.0,234242.0,4649360.0,94505.0,243420.0,499505.0,699640.0,353915.0,1143840.0,478630.0,600635.0,535270.0,4649360.0,4241195.0,3709160.0,532035.0,422195.0,109840.0,241935.0,204475.0,24945.0,12510.0,25035.0,141200.0,461953.0,33288.0,36621.0,461953.0,29678.0,20759.0,19472.0,25347.0,27921.0,23229.0,9918.0,14574.0,94313.0,66820.0,40621.0,89301.0,463111.0,229193.0,233918.0,463111.0,229193.0,233918.0,463111.0,229193.0,233918.0,463111.0,229193.0,233918.0,463111.0,229193.0,233918.0,463111.0,229193.0,233918.0
56,Peoria city,2014,166955.0,81937.0,85018.0,1997005.0,26000.0,70405.0,112850.0,293865.0,177295.0,312210.0,260040.0,384445.0,359895.0,1997005.0,1943650.0,1736940.0,206710.0,163575.0,43130.0,18615.0,18615.0,,,1285.0,33460.0,165418.0,6685.0,8457.0,165418.0,5230.0,2616.0,7296.0,4489.0,8187.0,5532.0,1734.0,3645.0,26670.0,26076.0,23277.0,50666.0,165843.0,81418.0,84425.0,165843.0,81418.0,84425.0,165843.0,81418.0,84425.0,165843.0,81418.0,84425.0,165843.0,81418.0,84425.0,165843.0,81418.0,84425.0
57,Phoenix city,2014,1537045.0,763915.0,773130.0,15727850.0,330690.0,882780.0,1595755.0,2228615.0,1311550.0,3528145.0,1599460.0,1993225.0,2257635.0,15727850.0,13961785.0,12019625.0,1942160.0,1431755.0,510405.0,1052910.0,1001480.0,34100.0,17330.0,159815.0,553340.0,1516728.0,168375.0,185317.0,1516728.0,161435.0,99433.0,92824.0,102881.0,74932.0,80162.0,30634.0,50660.0,232008.0,180534.0,120785.0,290440.0,1524639.0,753989.0,770650.0,1524639.0,753989.0,770650.0,1524639.0,753989.0,770650.0,1524639.0,753989.0,770650.0,1524639.0,753989.0,770650.0,1524639.0,753989.0,770650.0
58,San Tan Valley CDP,2014,94390.0,45883.0,48507.0,1240380.0,5375.0,19370.0,43915.0,62990.0,41300.0,167760.0,166670.0,331065.0,401935.0,,,,,,,,,,,,,93589.0,6977.0,5343.0,93589.0,6879.0,4216.0,1225.0,7961.0,2185.0,4213.0,3752.0,5639.0,20345.0,11300.0,8357.0,17517.0,94390.0,45883.0,48507.0,94390.0,45883.0,48507.0,94390.0,45883.0,48507.0,94390.0,45883.0,48507.0,94390.0,45883.0,48507.0,94390.0,45883.0,48507.0
59,Scottsdale city,2014,230502.0,110117.0,120385.0,2240170.0,73130.0,165015.0,289570.0,362745.0,203315.0,426025.0,300950.0,211810.0,207610.0,,,,,,,,,,,,,229041.0,9180.0,11672.0,229041.0,13359.0,3456.0,4037.0,6080.0,5593.0,7468.0,1137.0,4656.0,25980.0,25597.0,26032.0,105646.0,229486.0,109909.0,119577.0,229486.0,109909.0,119577.0,229486.0,109909.0,119577.0,229486.0,109909.0,119577.0,229486.0,109909.0,119577.0,229486.0,109909.0,119577.0
60,Surprise city,2014,126278.0,58527.0,67751.0,1413715.0,21550.0,54570.0,66800.0,99675.0,49520.0,191820.0,213620.0,367170.0,348985.0,1413715.0,1355470.0,1209835.0,145635.0,101245.0,44390.0,19425.0,19425.0,,,3590.0,35230.0,125917.0,5966.0,9451.0,125917.0,6929.0,1276.0,7212.0,3222.0,2763.0,5380.0,836.0,3834.0,28409.0,22225.0,15808.0,28023.0,125674.0,57994.0,67680.0,125674.0,57994.0,67680.0,125674.0,57994.0,67680.0,125674.0,57994.0,67680.0,125674.0,57994.0,67680.0,125674.0,57994.0,67680.0
61,Tempe city,2014,172836.0,94028.0,78808.0,2035275.0,51350.0,191305.0,213980.0,300445.0,288185.0,399240.0,226795.0,100080.0,263890.0,,,,,,,,,,,,,162085.0,19649.0,18134.0,162085.0,21181.0,7025.0,9577.0,7622.0,7324.0,8504.0,2513.0,4509.0,29630.0,21162.0,11520.0,31518.0,172428.0,93899.0,78529.0,172428.0,93899.0,78529.0,172428.0,93899.0,78529.0,172428.0,93899.0,78529.0,172428.0,93899.0,78529.0,172428.0,93899.0,78529.0
62,Tucson city,2014,527948.0,263671.0,264277.0,4996060.0,137530.0,339710.0,701120.0,758525.0,393505.0,1015540.0,425215.0,456790.0,768130.0,,,,,,,,,,,,,502570.0,57286.0,69949.0,502570.0,56950.0,32784.0,37501.0,36547.0,31689.0,31515.0,11742.0,15668.0,93141.0,58623.0,33887.0,62523.0,510525.0,248740.0,261785.0,510525.0,248740.0,261785.0,510525.0,248740.0,261785.0,510525.0,248740.0,261785.0,510525.0,248740.0,261785.0,510525.0,248740.0,261785.0
63,Yuma city,2014,93399.0,47677.0,45722.0,673585.0,37265.0,109305.0,125565.0,87605.0,51955.0,82590.0,37490.0,47715.0,94095.0,673585.0,621520.0,568580.0,52940.0,38190.0,14750.0,22995.0,22995.0,,,15745.0,13325.0,90300.0,7097.0,9369.0,90300.0,7638.0,3532.0,5296.0,5817.0,3810.0,8144.0,2002.0,2788.0,14766.0,15977.0,8944.0,11586.0,89280.0,44199.0,45081.0,89280.0,44199.0,45081.0,89280.0,44199.0,45081.0,89280.0,44199.0,45081.0,89280.0,44199.0,45081.0,89280.0,44199.0,45081.0
64,Avondale city,2015,80683.0,38712.0,41971.0,923665.0,12650.0,30855.0,82945.0,144040.0,76800.0,191250.0,97605.0,152825.0,134690.0,923665.0,895915.0,792400.0,103520.0,79080.0,24440.0,11615.0,11615.0,,,1705.0,14425.0,80096.0,5510.0,7461.0,80096.0,5508.0,3058.0,4405.0,4487.0,5404.0,4641.0,2750.0,903.0,15793.0,14272.0,7573.0,11302.0,80257.0,38363.0,41894.0,80257.0,38363.0,41894.0,80257.0,38363.0,41894.0,80257.0,38363.0,41894.0,80257.0,38363.0,41894.0,80257.0,38363.0,41894.0
65,Casas Adobes CDP,2015,65265.0,30890.0,34375.0,687330.0,20070.0,36735.0,63925.0,87400.0,77655.0,131530.0,76155.0,106370.0,87495.0,,,,,,,,,,,,,64456.0,1912.0,3217.0,64456.0,1212.0,2126.0,1791.0,2068.0,2839.0,2972.0,1204.0,2498.0,12557.0,11454.0,7719.0,16016.0,64455.0,30355.0,34100.0,64455.0,30355.0,34100.0,64455.0,30355.0,34100.0,64455.0,30355.0,34100.0,64455.0,30355.0,34100.0,64455.0,30355.0,34100.0
66,Chandler city,2015,260833.0,128885.0,131948.0,2986740.0,81555.0,190630.0,306990.0,436210.0,240155.0,474390.0,288875.0,450035.0,517905.0,,,,,,,,,,,,,260141.0,10521.0,13375.0,260141.0,12547.0,3284.0,8065.0,5730.0,8677.0,8776.0,2833.0,2635.0,39855.0,35243.0,36100.0,96396.0,260392.0,128535.0,131857.0,260392.0,128535.0,131857.0,260392.0,128535.0,131857.0,260392.0,128535.0,131857.0,260392.0,128535.0,131857.0,260392.0,128535.0,131857.0
67,Flagstaff city,2015,70317.0,33224.0,37093.0,567555.0,49850.0,103015.0,119255.0,44685.0,17050.0,43260.0,23960.0,19515.0,146965.0,567555.0,441305.0,380025.0,61280.0,32490.0,28790.0,17895.0,17895.0,,,63145.0,45210.0,58253.0,5942.0,6077.0,58253.0,7588.0,2189.0,2242.0,1373.0,4680.0,2446.0,961.0,453.0,9712.0,5758.0,4726.0,16125.0,69691.0,32741.0,36950.0,69691.0,32741.0,36950.0,69691.0,32741.0,36950.0,69691.0,32741.0,36950.0,69691.0,32741.0,36950.0,69691.0,32741.0,36950.0
68,Gilbert town,2015,247523.0,116711.0,130812.0,3236655.0,50740.0,112645.0,254860.0,303220.0,221070.0,535260.0,446240.0,639460.0,673155.0,,,,,,,,,,,,,246109.0,5715.0,9111.0,246109.0,5390.0,2877.0,6559.0,5748.0,4639.0,5670.0,1348.0,6921.0,39581.0,43746.0,32243.0,91387.0,247433.0,116666.0,130767.0,247433.0,116666.0,130767.0,247433.0,116666.0,130767.0,247433.0,116666.0,130767.0,247433.0,116666.0,130767.0,247433.0,116666.0,130767.0
69,Glendale city,2015,240114.0,116795.0,123319.0,2695385.0,45860.0,113795.0,209095.0,328910.0,185635.0,562820.0,334610.0,395685.0,518980.0,,,,,,,,,,,,,237865.0,24797.0,28801.0,237865.0,23520.0,11864.0,18214.0,12735.0,15159.0,13162.0,4855.0,5303.0,37640.0,37094.0,19214.0,39105.0,237887.0,115177.0,122710.0,237887.0,115177.0,122710.0,237887.0,115177.0,122710.0,237887.0,115177.0,122710.0,237887.0,115177.0,122710.0,237887.0,115177.0,122710.0
70,Goodyear city,2015,79003.0,36711.0,42292.0,959205.0,11545.0,24935.0,65195.0,136615.0,35775.0,140700.0,127310.0,175780.0,241350.0,,,,,,,,,,,,,75631.0,2912.0,3857.0,75631.0,2599.0,2329.0,1841.0,1507.0,3719.0,3207.0,965.0,1390.0,14204.0,10305.0,8562.0,25003.0,75483.0,35804.0,39679.0,75483.0,35804.0,39679.0,75483.0,35804.0,39679.0,75483.0,35804.0,39679.0,75483.0,35804.0,39679.0,75483.0,35804.0,39679.0
71,Mesa city,2015,471833.0,234998.0,236835.0,5240080.0,101525.0,278370.0,468255.0,707335.0,399965.0,962725.0,635385.0,810685.0,875835.0,5240080.0,4615465.0,3940970.0,674495.0,495340.0,179155.0,356370.0,337840.0,6920.0,11610.0,60900.0,207340.0,468829.0,38354.0,42093.0,468829.0,38275.0,17849.0,24323.0,24095.0,19613.0,22814.0,7421.0,13948.0,87813.0,65225.0,47125.0,100328.0,470483.0,234172.0,236311.0,470483.0,234172.0,236311.0,470483.0,234172.0,236311.0,470483.0,234172.0,236311.0,470483.0,234172.0,236311.0,470483.0,234172.0,236311.0
72,Peoria city,2015,171242.0,80139.0,91103.0,1971520.0,30535.0,84755.0,114535.0,223360.0,182330.0,372510.0,269970.0,337850.0,355675.0,1971520.0,1861865.0,1661460.0,200405.0,150580.0,49825.0,50155.0,50155.0,,,3275.0,56225.0,169037.0,4704.0,7135.0,169037.0,4478.0,1902.0,5459.0,7491.0,3458.0,9526.0,2926.0,4666.0,33886.0,28964.0,18228.0,48053.0,170182.0,79793.0,90389.0,170182.0,79793.0,90389.0,170182.0,79793.0,90389.0,170182.0,79793.0,90389.0,170182.0,79793.0,90389.0,170182.0,79793.0,90389.0
73,Phoenix city,2015,1563001.0,786833.0,776168.0,17631650.0,325360.0,816145.0,1615605.0,2395155.0,1290425.0,3580190.0,1703910.0,2356995.0,3547865.0,17631650.0,15519000.0,13026655.0,2492345.0,1838820.0,653525.0,1362720.0,1232715.0,112995.0,17010.0,176370.0,573565.0,1545360.0,158414.0,186041.0,1545360.0,165364.0,72181.0,106910.0,92414.0,87888.0,81467.0,30755.0,43834.0,261576.0,180402.0,121086.0,301483.0,1551625.0,777292.0,774333.0,1551625.0,777292.0,774333.0,1551625.0,777292.0,774333.0,1551625.0,777292.0,774333.0,1551625.0,777292.0,774333.0,1551625.0,777292.0,774333.0
74,San Tan Valley CDP,2015,82797.0,40429.0,42368.0,1134715.0,12975.0,22410.0,23670.0,40140.0,34030.0,139200.0,167735.0,354470.0,340085.0,,,,,,,,,,,,,82786.0,3838.0,5419.0,82786.0,3962.0,2011.0,3284.0,4732.0,2737.0,4848.0,325.0,2691.0,21883.0,16456.0,8374.0,11483.0,82704.0,40340.0,42364.0,82704.0,40340.0,42364.0,82704.0,40340.0,42364.0,82704.0,40340.0,42364.0,82704.0,40340.0,42364.0,82704.0,40340.0,42364.0
75,Scottsdale city,2015,236844.0,115712.0,121132.0,2440950.0,63090.0,170700.0,255700.0,343365.0,270120.0,555565.0,313700.0,254075.0,214635.0,,,,,,,,,,,,,235479.0,12125.0,13881.0,235479.0,14694.0,4539.0,6773.0,4467.0,3899.0,9250.0,2027.0,4703.0,23556.0,24440.0,24086.0,113045.0,235718.0,115217.0,120501.0,235718.0,115217.0,120501.0,235718.0,115217.0,120501.0,235718.0,115217.0,120501.0,235718.0,115217.0,120501.0,235718.0,115217.0,120501.0
76,Surprise city,2015,128442.0,62875.0,65567.0,1514560.0,17885.0,57560.0,107270.0,113760.0,72180.0,233340.0,199145.0,239870.0,473555.0,,,,,,,,,,,,,127842.0,4120.0,5183.0,127842.0,3281.0,2209.0,3813.0,4115.0,6211.0,9056.0,2432.0,2407.0,25693.0,24932.0,13654.0,30039.0,127916.0,62412.0,65504.0,127916.0,62412.0,65504.0,127916.0,62412.0,65504.0,127916.0,62412.0,65504.0,127916.0,62412.0,65504.0,127916.0,62412.0,65504.0
77,Tempe city,2015,175826.0,91350.0,84476.0,1886820.0,59790.0,165110.0,294570.0,302935.0,320600.0,267240.0,165840.0,105355.0,205385.0,1886820.0,1554110.0,1351090.0,203020.0,141900.0,61125.0,169640.0,142500.0,27140.0,,41880.0,121185.0,164740.0,17364.0,15527.0,164740.0,18371.0,6934.0,7586.0,7924.0,5664.0,7529.0,3497.0,4122.0,24312.0,25256.0,13784.0,39761.0,175443.0,91060.0,84383.0,175443.0,91060.0,84383.0,175443.0,91060.0,84383.0,175443.0,91060.0,84383.0,175443.0,91060.0,84383.0,175443.0,91060.0,84383.0
78,Tucson city,2015,531674.0,264893.0,266781.0,4879700.0,144320.0,369120.0,637725.0,721430.0,391150.0,952690.0,357195.0,489235.0,816835.0,4879700.0,4094310.0,3502665.0,591645.0,423785.0,167860.0,372165.0,359260.0,12905.0,,104895.0,308330.0,506576.0,60251.0,67375.0,506576.0,55865.0,33278.0,38483.0,27774.0,35275.0,31563.0,13120.0,17052.0,94427.0,58789.0,34219.0,66731.0,516253.0,252043.0,264210.0,516253.0,252043.0,264210.0,516253.0,252043.0,264210.0,516253.0,252043.0,264210.0,516253.0,252043.0,264210.0,516253.0,252043.0,264210.0
79,Yuma city,2015,94145.0,48298.0,45847.0,547130.0,47610.0,94480.0,113280.0,114835.0,21525.0,53130.0,29275.0,39505.0,33495.0,547130.0,507170.0,459120.0,48050.0,31910.0,16140.0,17615.0,17615.0,,,10345.0,12000.0,91176.0,7879.0,10411.0,91176.0,8411.0,5589.0,4290.0,5245.0,5969.0,6862.0,721.0,2778.0,18011.0,12223.0,6835.0,14242.0,90177.0,44793.0,45384.0,90177.0,44793.0,45384.0,90177.0,44793.0,45384.0,90177.0,44793.0,45384.0,90177.0,44793.0,45384.0,90177.0,44793.0,45384.0
80,Avondale city,2016,82875.0,41915.0,40960.0,1055530.0,8725.0,57325.0,61310.0,116400.0,38125.0,228750.0,113785.0,178240.0,252870.0,,,,,,,,,,,,,82578.0,5432.0,6473.0,82578.0,4778.0,2885.0,4242.0,3534.0,5462.0,4538.0,981.0,1093.0,20752.0,11381.0,8611.0,14321.0,82516.0,41680.0,40836.0,82516.0,41680.0,40836.0,82516.0,41680.0,40836.0,82516.0,41680.0,40836.0,82516.0,41680.0,40836.0,82516.0,41680.0,40836.0
81,Casas Adobes CDP,2016,70589.0,33958.0,36631.0,819955.0,14415.0,31295.0,89155.0,139190.0,84725.0,190245.0,70540.0,95480.0,104905.0,819955.0,760905.0,701565.0,59340.0,37325.0,22015.0,25470.0,25470.0,,,6320.0,27260.0,69785.0,3808.0,3440.0,69785.0,1838.0,2154.0,3256.0,2307.0,2065.0,2082.0,1601.0,1289.0,11537.0,10291.0,8152.0,23213.0,69628.0,33339.0,36289.0,69628.0,33339.0,36289.0,69628.0,33339.0,36289.0,69628.0,33339.0,36289.0,69628.0,33339.0,36289.0,69628.0,33339.0,36289.0
82,Chandler city,2016,247459.0,123184.0,124275.0,3021525.0,67460.0,170235.0,353450.0,378580.0,253390.0,531860.0,244040.0,475360.0,547145.0,,,,,,,,,,,,,246818.0,7779.0,9732.0,246818.0,7442.0,5724.0,4345.0,9094.0,6537.0,6995.0,3612.0,7897.0,39543.0,33632.0,29624.0,92373.0,247189.0,122955.0,124234.0,247189.0,122955.0,124234.0,247189.0,122955.0,124234.0,247189.0,122955.0,124234.0,247189.0,122955.0,124234.0,247189.0,122955.0,124234.0
83,Flagstaff city,2016,71455.0,35760.0,35695.0,464780.0,48155.0,83165.0,129065.0,63340.0,7150.0,38310.0,28185.0,41465.0,25945.0,,,,,,,,,,,,,58366.0,5740.0,4534.0,58366.0,6116.0,2461.0,1697.0,2828.0,2221.0,2282.0,1160.0,1430.0,10689.0,8354.0,5111.0,14017.0,70802.0,35340.0,35462.0,70802.0,35340.0,35462.0,70802.0,35340.0,35462.0,70802.0,35340.0,35462.0,70802.0,35340.0,35462.0,70802.0,35340.0,35462.0
84,Gilbert town,2016,237120.0,115040.0,122080.0,2664665.0,49285.0,92815.0,254110.0,306090.0,172395.0,413190.0,408485.0,547660.0,420630.0,2664665.0,2569050.0,2324260.0,244795.0,159615.0,85180.0,31140.0,31140.0,,,13620.0,50855.0,236699.0,5258.0,6466.0,236699.0,6052.0,2588.0,3084.0,4983.0,7302.0,7170.0,3946.0,3330.0,39906.0,39844.0,30108.0,88386.0,236959.0,114879.0,122080.0,236959.0,114879.0,122080.0,236959.0,114879.0,122080.0,236959.0,114879.0,122080.0,236959.0,114879.0,122080.0,236959.0,114879.0,122080.0
85,Glendale city,2016,245849.0,121450.0,124399.0,3119015.0,52290.0,125140.0,170020.0,359910.0,248985.0,576785.0,347960.0,542110.0,695810.0,,,,,,,,,,,,,241533.0,18396.0,21288.0,241533.0,24645.0,8261.0,6778.0,14996.0,13553.0,12088.0,5618.0,8087.0,44735.0,30972.0,25425.0,46375.0,243923.0,120434.0,123489.0,243923.0,120434.0,123489.0,243923.0,120434.0,123489.0,243923.0,120434.0,123489.0,243923.0,120434.0,123489.0,243923.0,120434.0,123489.0
86,Goodyear city,2016,77266.0,37699.0,39567.0,866595.0,12865.0,36330.0,58305.0,81730.0,30675.0,131055.0,115420.0,179645.0,220570.0,,,,,,,,,,,,,72937.0,1294.0,1962.0,72937.0,2230.0,251.0,775.0,2502.0,768.0,1756.0,495.0,2213.0,21678.0,13189.0,8698.0,18382.0,73051.0,36585.0,36466.0,73051.0,36585.0,36466.0,73051.0,36585.0,36466.0,73051.0,36585.0,36466.0,73051.0,36585.0,36466.0,73051.0,36585.0,36466.0
87,Mesa city,2016,484622.0,238380.0,246242.0,5265510.0,98940.0,254045.0,554435.0,779085.0,436295.0,968610.0,642200.0,563730.0,968170.0,5265510.0,4872365.0,4170505.0,701860.0,523775.0,178080.0,222570.0,192720.0,29850.0,,34395.0,136180.0,480483.0,39589.0,41295.0,480483.0,38914.0,15926.0,26044.0,20774.0,24034.0,28415.0,9226.0,15024.0,89350.0,64180.0,47756.0,100840.0,482703.0,237326.0,245377.0,482703.0,237326.0,245377.0,482703.0,237326.0,245377.0,482703.0,237326.0,245377.0,482703.0,237326.0,245377.0,482703.0,237326.0,245377.0
88,Peoria city,2016,164198.0,80214.0,83984.0,1928350.0,30580.0,56915.0,133545.0,242700.0,154400.0,332225.0,219390.0,358265.0,400330.0,1928350.0,1876395.0,1653155.0,223240.0,149655.0,73585.0,11035.0,11035.0,,,7665.0,33255.0,162677.0,6100.0,6479.0,162677.0,6750.0,2474.0,3355.0,5293.0,6188.0,5323.0,4757.0,1739.0,30019.0,26003.0,21110.0,49666.0,162868.0,79483.0,83385.0,162868.0,79483.0,83385.0,162868.0,79483.0,83385.0,162868.0,79483.0,83385.0,162868.0,79483.0,83385.0,162868.0,79483.0,83385.0
89,Phoenix city,2016,1615041.0,801784.0,813257.0,18645465.0,320985.0,869705.0,1708660.0,2525675.0,1205765.0,3647790.0,1939490.0,2359570.0,4067820.0,18645465.0,16698850.0,13962300.0,2736550.0,2030440.0,706110.0,1155735.0,1073930.0,66750.0,15055.0,157770.0,633110.0,1595696.0,146953.0,177545.0,1595696.0,143720.0,76576.0,104202.0,91385.0,76840.0,92977.0,36327.0,47406.0,284673.0,186708.0,136084.0,318798.0,1604080.0,793447.0,810633.0,1604080.0,793447.0,810633.0,1604080.0,793447.0,810633.0,1604080.0,793447.0,810633.0,1604080.0,793447.0,810633.0,1604080.0,793447.0,810633.0
90,San Tan Valley CDP,2016,82911.0,42051.0,40860.0,1165215.0,10885.0,28560.0,34965.0,54340.0,25850.0,168650.0,147525.0,279495.0,414945.0,,,,,,,,,,,,,82661.0,3725.0,4457.0,82661.0,3555.0,2410.0,2217.0,3903.0,2741.0,2832.0,2049.0,2993.0,19259.0,13301.0,10258.0,17143.0,82843.0,42051.0,40792.0,82843.0,42051.0,40792.0,82843.0,42051.0,40792.0,82843.0,42051.0,40792.0,82843.0,42051.0,40792.0,82843.0,42051.0,40792.0
91,Scottsdale city,2016,246646.0,120633.0,126013.0,2517325.0,74295.0,147395.0,278240.0,381245.0,215000.0,530590.0,341680.0,217315.0,331565.0,,,,,,,,,,,,,245456.0,9135.0,10496.0,245456.0,10298.0,3779.0,5554.0,5555.0,5741.0,7654.0,2098.0,5744.0,26160.0,25935.0,20298.0,126640.0,245325.0,119932.0,125393.0,245325.0,119932.0,125393.0,245325.0,119932.0,125393.0,245325.0,119932.0,125393.0,245325.0,119932.0,125393.0,245325.0,119932.0,125393.0
92,Surprise city,2016,132673.0,63627.0,69046.0,1381315.0,19260.0,44990.0,100985.0,111835.0,57425.0,201180.0,160400.0,311160.0,374085.0,,,,,,,,,,,,,132195.0,5591.0,7192.0,132195.0,8101.0,1275.0,3407.0,4677.0,5727.0,6301.0,1192.0,5808.0,29935.0,21293.0,16676.0,27803.0,132057.0,63138.0,68919.0,132057.0,63138.0,68919.0,132057.0,63138.0,68919.0,132057.0,63138.0,68919.0,132057.0,63138.0,68919.0,132057.0,63138.0,68919.0
93,Tempe city,2016,182499.0,94223.0,88276.0,2081660.0,76075.0,170265.0,223015.0,336830.0,353215.0,246810.0,241790.0,144370.0,289295.0,,,,,,,,,,,,,173569.0,19202.0,16079.0,173569.0,25380.0,3520.0,6381.0,11298.0,5179.0,5673.0,1872.0,5124.0,25415.0,21034.0,20422.0,42271.0,182069.0,94152.0,87917.0,182069.0,94152.0,87917.0,182069.0,94152.0,87917.0,182069.0,94152.0,87917.0,182069.0,94152.0,87917.0,182069.0,94152.0,87917.0
94,Tucson city,2016,530690.0,262581.0,268109.0,4960790.0,165005.0,361935.0,650170.0,818430.0,392115.0,917755.0,453325.0,489895.0,712160.0,,,,,,,,,,,,,505044.0,58322.0,63235.0,505044.0,56938.0,30002.0,34617.0,34232.0,31332.0,26641.0,13965.0,16672.0,95885.0,53454.0,38390.0,72916.0,514689.0,249002.0,265687.0,514689.0,249002.0,265687.0,514689.0,249002.0,265687.0,514689.0,249002.0,265687.0,514689.0,249002.0,265687.0,514689.0,249002.0,265687.0
95,Yuma city,2016,94892.0,48650.0,46242.0,589005.0,39130.0,112820.0,129390.0,96160.0,37075.0,77280.0,35650.0,14445.0,47050.0,,,,,,,,,,,,,91639.0,6077.0,9215.0,91639.0,6092.0,3885.0,5315.0,6416.0,6739.0,7172.0,2539.0,753.0,18852.0,12285.0,9162.0,12429.0,90329.0,44563.0,45766.0,90329.0,44563.0,45766.0,90329.0,44563.0,45766.0,90329.0,44563.0,45766.0,90329.0,44563.0,45766.0,90329.0,44563.0,45766.0
96,Avondale city,2017,84034.0,39677.0,44357.0,1081300.0,15735.0,35820.0,79325.0,128710.0,39550.0,163005.0,105755.0,252755.0,260650.0,1081300.0,1049050.0,832990.0,216055.0,169620.0,46435.0,13170.0,13170.0,,,7140.0,11940.0,83666.0,5586.0,5692.0,83666.0,6066.0,1828.0,3384.0,7139.0,6404.0,3391.0,1530.0,2510.0,16248.0,12441.0,6944.0,15781.0,83691.0,39334.0,44357.0,83691.0,39334.0,44357.0,83691.0,39334.0,44357.0,83691.0,39334.0,44357.0,83691.0,39334.0,44357.0,83691.0,39334.0,44357.0
97,Buckeye city,2017,68431.0,37366.0,31065.0,816975.0,12220.0,16525.0,31500.0,66480.0,63825.0,122490.0,82895.0,123500.0,297540.0,816975.0,803425.0,676420.0,127005.0,89040.0,37965.0,,,,,7035.0,6510.0,60953.0,2841.0,2911.0,60953.0,1953.0,1088.0,2711.0,2069.0,5001.0,2719.0,1033.0,225.0,15312.0,8019.0,7328.0,13495.0,61163.0,30098.0,31065.0,61163.0,30098.0,31065.0,61163.0,30098.0,31065.0,61163.0,30098.0,31065.0,61163.0,30098.0,31065.0,61163.0,30098.0,31065.0
98,Casas Adobes CDP,2017,73668.0,34658.0,39010.0,730880.0,24845.0,42440.0,55725.0,92220.0,98675.0,166730.0,89940.0,95590.0,64710.0,730880.0,682910.0,616220.0,66690.0,61835.0,4855.0,11370.0,11370.0,,,7425.0,29170.0,72811.0,2976.0,3385.0,72811.0,3791.0,834.0,1736.0,2624.0,3673.0,2900.0,2769.0,1369.0,15116.0,9256.0,9279.0,19464.0,72832.0,34200.0,38632.0,72832.0,34200.0,38632.0,72832.0,34200.0,38632.0,72832.0,34200.0,38632.0,72832.0,34200.0,38632.0,72832.0,34200.0,38632.0
99,Chandler city,2017,253448.0,125874.0,127574.0,3000005.0,74835.0,168135.0,322215.0,357030.0,214430.0,441300.0,307245.0,496615.0,618200.0,,,,,,,,,,,,,252630.0,10428.0,10118.0,252630.0,11867.0,4654.0,4025.0,7977.0,7371.0,11907.0,1511.0,4508.0,34495.0,34252.0,32512.0,97551.0,253169.0,125658.0,127511.0,253169.0,125658.0,127511.0,253169.0,125658.0,127511.0,253169.0,125658.0,127511.0,253169.0,125658.0,127511.0,253169.0,125658.0,127511.0
100,Flagstaff city,2017,71975.0,36659.0,35316.0,558230.0,47410.0,98100.0,150455.0,56445.0,9335.0,28500.0,19855.0,54440.0,93690.0,,,,,,,,,,,,,59701.0,5486.0,2798.0,59701.0,4326.0,1837.0,2121.0,3344.0,2253.0,2736.0,1071.0,1553.0,11337.0,7418.0,7305.0,14400.0,71167.0,36068.0,35099.0,71167.0,36068.0,35099.0,71167.0,36068.0,35099.0,71167.0,36068.0,35099.0,71167.0,36068.0,35099.0,71167.0,36068.0,35099.0
101,Gilbert town,2017,242362.0,118931.0,123431.0,3217420.0,46465.0,103635.0,234100.0,348665.0,286000.0,565020.0,395500.0,603205.0,634835.0,,,,,,,,,,,,,241312.0,6003.0,7497.0,241312.0,8310.0,2220.0,2970.0,3628.0,5838.0,5528.0,5378.0,3528.0,34614.0,47049.0,33758.0,88491.0,242281.0,118931.0,123350.0,242281.0,118931.0,123350.0,242281.0,118931.0,123350.0,242281.0,118931.0,123350.0,242281.0,118931.0,123350.0,242281.0,118931.0,123350.0
102,Glendale city,2017,246708.0,120816.0,125892.0,3063985.0,35680.0,119310.0,209350.0,326690.0,165230.0,676950.0,293500.0,507110.0,730165.0,3063985.0,2762995.0,2441945.0,321055.0,240955.0,80095.0,220050.0,220050.0,,,18585.0,62355.0,242598.0,16828.0,23590.0,242598.0,16960.0,15426.0,8032.0,17329.0,13059.0,14270.0,6453.0,6074.0,41478.0,35468.0,19898.0,48151.0,244462.0,118993.0,125469.0,244462.0,118993.0,125469.0,244462.0,118993.0,125469.0,244462.0,118993.0,125469.0,244462.0,118993.0,125469.0,244462.0,118993.0,125469.0
103,Goodyear city,2017,79850.0,37464.0,42386.0,977975.0,19380.0,33870.0,51585.0,107300.0,41225.0,109860.0,135575.0,159640.0,319540.0,,,,,,,,,,,,,75991.0,2961.0,3900.0,75991.0,1977.0,2184.0,2700.0,1729.0,1805.0,2197.0,438.0,652.0,9988.0,12609.0,11179.0,28533.0,75664.0,36598.0,39066.0,75664.0,36598.0,39066.0,75664.0,36598.0,39066.0,75664.0,36598.0,39066.0,75664.0,36598.0,39066.0,75664.0,36598.0,39066.0
104,Mesa city,2017,496395.0,242301.0,254094.0,5424855.0,111365.0,284305.0,504165.0,784415.0,496095.0,1046695.0,671210.0,707080.0,819525.0,,,,,,,,,,,,,491436.0,34205.0,39279.0,491436.0,32941.0,17372.0,23171.0,19080.0,23946.0,23125.0,9021.0,10473.0,91386.0,82378.0,51269.0,107274.0,494804.0,241394.0,253410.0,494804.0,241394.0,253410.0,494804.0,241394.0,253410.0,494804.0,241394.0,253410.0,494804.0,241394.0,253410.0,494804.0,241394.0,253410.0
105,Peoria city,2017,168174.0,79855.0,88319.0,2226325.0,27320.0,84725.0,140825.0,191720.0,170370.0,385950.0,253845.0,470870.0,500700.0,2226325.0,2120765.0,1854040.0,266725.0,218380.0,48345.0,27930.0,27930.0,,,13435.0,64195.0,166681.0,4699.0,6370.0,166681.0,5630.0,2285.0,3154.0,6082.0,4310.0,6017.0,2132.0,2935.0,26230.0,28215.0,21894.0,57797.0,166775.0,79081.0,87694.0,166775.0,79081.0,87694.0,166775.0,79081.0,87694.0,166775.0,79081.0,87694.0,166775.0,79081.0,87694.0,166775.0,79081.0,87694.0
106,Phoenix city,2017,1626085.0,811245.0,814840.0,19324435.0,314180.0,815500.0,1691120.0,2571955.0,1572805.0,3954245.0,2282245.0,2456975.0,3665415.0,,,,,,,,,,,,,1604181.0,125780.0,143075.0,1604181.0,116046.0,71454.0,81355.0,81573.0,86928.0,93444.0,33841.0,54364.0,271700.0,216022.0,142460.0,354994.0,1615683.0,803192.0,812491.0,1615683.0,803192.0,812491.0,1615683.0,803192.0,812491.0,1615683.0,803192.0,812491.0,1615683.0,803192.0,812491.0,1615683.0,803192.0,812491.0
107,San Tan Valley CDP,2017,92851.0,44761.0,48090.0,1326265.0,12210.0,20840.0,31125.0,55765.0,57650.0,158105.0,174330.0,370070.0,446170.0,,,,,,,,,,,,,92529.0,3665.0,2944.0,92529.0,3588.0,210.0,2811.0,6113.0,2083.0,6421.0,1742.0,4136.0,21921.0,12730.0,16235.0,14539.0,92831.0,44741.0,48090.0,92831.0,44741.0,48090.0,92831.0,44741.0,48090.0,92831.0,44741.0,48090.0,92831.0,44741.0,48090.0,92831.0,44741.0,48090.0
108,Scottsdale city,2017,249947.0,126044.0,123903.0,2558655.0,59825.0,203515.0,276205.0,382330.0,205330.0,518880.0,247780.0,336605.0,328185.0,,,,,,,,,,,,,248439.0,9284.0,10181.0,248439.0,8449.0,7463.0,3553.0,5306.0,5137.0,3692.0,2812.0,5011.0,25743.0,30176.0,25785.0,125312.0,248565.0,125310.0,123255.0,248565.0,125310.0,123255.0,248565.0,125310.0,123255.0,248565.0,125310.0,123255.0,248565.0,125310.0,123255.0,248565.0,125310.0,123255.0
109,Surprise city,2017,134079.0,65014.0,69065.0,1609195.0,40735.0,73580.0,101390.0,153595.0,95280.0,201420.0,235790.0,232530.0,474875.0,1609195.0,1565415.0,1387320.0,178100.0,72835.0,105265.0,12155.0,12155.0,,,6420.0,25200.0,133874.0,3458.0,5450.0,133874.0,4174.0,2879.0,1855.0,3379.0,4734.0,2830.0,2870.0,2225.0,24642.0,24750.0,22498.0,37038.0,132794.0,64240.0,68554.0,132794.0,64240.0,68554.0,132794.0,64240.0,68554.0,132794.0,64240.0,68554.0,132794.0,64240.0,68554.0,132794.0,64240.0,68554.0
110,Tempe city,2017,185025.0,98600.0,86425.0,2031950.0,55400.0,175870.0,282820.0,274205.0,382995.0,292560.0,145975.0,198155.0,223970.0,,,,,,,,,,,,,175040.0,20695.0,17954.0,175040.0,20744.0,9145.0,8760.0,6605.0,9971.0,7942.0,2271.0,4274.0,24408.0,25385.0,15220.0,40315.0,184659.0,98442.0,86217.0,184659.0,98442.0,86217.0,184659.0,98442.0,86217.0,184659.0,98442.0,86217.0,184659.0,98442.0,86217.0,184659.0,98442.0,86217.0
111,Tucson city,2017,535676.0,267387.0,268289.0,5031100.0,135735.0,361065.0,660795.0,830075.0,397810.0,995545.0,428225.0,466870.0,754980.0,5031100.0,4291210.0,3697795.0,593415.0,436240.0,157175.0,403185.0,399585.0,3600.0,,135210.0,201495.0,509296.0,50716.0,61954.0,509296.0,53844.0,30307.0,28519.0,33754.0,32055.0,26136.0,16207.0,14221.0,96978.0,61981.0,36437.0,78857.0,516586.0,250994.0,265592.0,516586.0,250994.0,265592.0,516586.0,250994.0,265592.0,516586.0,250994.0,265592.0,516586.0,250994.0,265592.0,516586.0,250994.0,265592.0
112,Yuma city,2017,95494.0,45733.0,49761.0,,,,,,,,,,,,,,,,,,,,,,,92749.0,6242.0,9385.0,92749.0,7762.0,2733.0,5132.0,5117.0,3558.0,8155.0,1322.0,2236.0,19037.0,11360.0,10547.0,15790.0,92060.0,43115.0,48945.0,92060.0,43115.0,48945.0,92060.0,43115.0,48945.0,92060.0,43115.0,48945.0,92060.0,43115.0,48945.0,92060.0,43115.0,48945.0
113,Glendale city,2018,250705.0,124205.0,126500.0,3145415.0,51735.0,103300.0,183180.0,337160.0,189600.0,551970.0,364705.0,505970.0,857790.0,3145415.0,2944975.0,2482790.0,462180.0,347865.0,114315.0,118560.0,118560.0,,,15155.0,66720.0,247135.0,18050.0,23007.0,247135.0,17394.0,11532.0,12131.0,17317.0,13346.0,15128.0,4789.0,8671.0,49382.0,32914.0,22174.0,42357.0,248211.0,122534.0,125677.0,248211.0,122534.0,125677.0,248211.0,122534.0,125677.0,248211.0,122534.0,125677.0,248211.0,122534.0,125677.0,248211.0,122534.0,125677.0
114,Scottsdale city,2018,255315.0,126458.0,128857.0,2455990.0,78315.0,163300.0,319875.0,443655.0,213550.0,459215.0,288835.0,228860.0,260390.0,,,,,,,,,,,,,254192.0,6436.0,8311.0,254192.0,7941.0,3578.0,3228.0,8528.0,2866.0,4856.0,3779.0,3809.0,30016.0,28221.0,23494.0,133876.0,254353.0,126067.0,128286.0,254353.0,126067.0,128286.0,254353.0,126067.0,128286.0,254353.0,126067.0,128286.0,254353.0,126067.0,128286.0,254353.0,126067.0,128286.0
115,Yuma city,2018,97917.0,49808.0,48109.0,622205.0,52135.0,92620.0,133000.0,87955.0,38725.0,58770.0,18530.0,61850.0,78625.0,622205.0,598210.0,512005.0,86205.0,37305.0,48905.0,7380.0,7380.0,,,8445.0,8170.0,94000.0,8280.0,9480.0,94000.0,8560.0,3858.0,5342.0,5721.0,5522.0,4725.0,3342.0,2105.0,19383.0,13324.0,8929.0,13189.0,93287.0,45536.0,47751.0,93287.0,45536.0,47751.0,93287.0,45536.0,47751.0,93287.0,45536.0,47751.0,93287.0,45536.0,47751.0,93287.0,45536.0,47751.0
116,Peoria city,2018,172272.0,84667.0,87605.0,2224410.0,24135.0,74110.0,130455.0,256045.0,199000.0,296365.0,254935.0,460110.0,529255.0,,,,,,,,,,,,,171030.0,5601.0,5923.0,171030.0,5963.0,1753.0,3808.0,2996.0,5859.0,4178.0,2824.0,5427.0,30449.0,26190.0,22141.0,59442.0,171173.0,84206.0,86967.0,171173.0,84206.0,86967.0,171173.0,84206.0,86967.0,171173.0,84206.0,86967.0,171173.0,84206.0,86967.0,171173.0,84206.0,86967.0
117,Avondale city,2018,85828.0,42328.0,43500.0,1156450.0,12445.0,41695.0,100065.0,89530.0,53975.0,162040.0,114185.0,241230.0,341280.0,1156450.0,1119955.0,919505.0,200450.0,155880.0,44570.0,20215.0,20215.0,,,6255.0,10025.0,85679.0,5278.0,4597.0,85679.0,4380.0,2546.0,2949.0,3901.0,4339.0,4193.0,1208.0,2934.0,16922.0,14786.0,9842.0,17679.0,85417.0,41925.0,43492.0,85417.0,41925.0,43492.0,85417.0,41925.0,43492.0,85417.0,41925.0,43492.0,85417.0,41925.0,43492.0,85417.0,41925.0,43492.0
118,Phoenix city,2018,1660272.0,824568.0,835704.0,19821180.0,342530.0,977185.0,1804265.0,2988900.0,1435945.0,3559120.0,2226635.0,2582440.0,3904155.0,19821180.0,17698495.0,14893390.0,2805100.0,2166035.0,639065.0,1315945.0,1202585.0,83205.0,30155.0,152255.0,654490.0,1641772.0,113898.0,142025.0,1641772.0,105209.0,73221.0,77493.0,87220.0,85006.0,99426.0,34942.0,53970.0,304681.0,213890.0,149989.0,356725.0,1650753.0,817166.0,833587.0,1650753.0,817166.0,833587.0,1650753.0,817166.0,833587.0,1650753.0,817166.0,833587.0,1650753.0,817166.0,833587.0,1650753.0,817166.0,833587.0
119,Mesa city,2018,508979.0,250913.0,258066.0,5553515.0,116345.0,274690.0,516430.0,732855.0,481320.0,1082930.0,800895.0,623610.0,924445.0,,,,,,,,,,,,,505007.0,31301.0,39106.0,505007.0,28609.0,18130.0,23668.0,21235.0,24388.0,32880.0,12038.0,20779.0,84886.0,74642.0,47846.0,115906.0,507526.0,250252.0,257274.0,507526.0,250252.0,257274.0,507526.0,250252.0,257274.0,507526.0,250252.0,257274.0,507526.0,250252.0,257274.0,507526.0,250252.0,257274.0
120,Chandler city,2018,257153.0,126583.0,130570.0,3011685.0,70455.0,190670.0,320315.0,378035.0,200420.0,533665.0,388965.0,464775.0,464390.0,,,,,,,,,,,,,255949.0,8854.0,11386.0,255949.0,7788.0,5064.0,7388.0,7125.0,6430.0,9417.0,2276.0,4437.0,36401.0,32968.0,32968.0,103687.0,256826.0,126375.0,130451.0,256826.0,126375.0,130451.0,256826.0,126375.0,130451.0,256826.0,126375.0,130451.0,256826.0,126375.0,130451.0,256826.0,126375.0,130451.0
121,San Tan Valley CDP,2018,105922.0,51620.0,54302.0,1427475.0,21710.0,33670.0,55840.0,48260.0,37775.0,182055.0,153435.0,443240.0,451490.0,,,,,,,,,,,,,105463.0,3117.0,4299.0,105463.0,3782.0,719.0,2915.0,4190.0,3164.0,1908.0,3165.0,3517.0,31275.0,18055.0,15793.0,16980.0,105900.0,51598.0,54302.0,105900.0,51598.0,54302.0,105900.0,51598.0,54302.0,105900.0,51598.0,54302.0,105900.0,51598.0,54302.0,105900.0,51598.0,54302.0
122,Tucson city,2018,545987.0,268484.0,277503.0,5487990.0,135890.0,335370.0,741050.0,832405.0,421100.0,1080220.0,522040.0,517540.0,902380.0,5487990.0,4788450.0,4038630.0,749815.0,472295.0,277525.0,345330.0,332175.0,13155.0,,107625.0,246590.0,521731.0,53384.0,60942.0,521731.0,50208.0,25284.0,38834.0,34288.0,28273.0,30684.0,13255.0,17149.0,91899.0,69595.0,41094.0,81168.0,527761.0,253194.0,274567.0,527761.0,253194.0,274567.0,527761.0,253194.0,274567.0,527761.0,253194.0,274567.0,527761.0,253194.0,274567.0,527761.0,253194.0,274567.0
123,Casas Adobes CDP,2018,75694.0,39725.0,35969.0,794740.0,20575.0,59125.0,86575.0,96740.0,56075.0,186330.0,99695.0,77385.0,112245.0,794740.0,751535.0,693825.0,57710.0,53050.0,4660.0,20940.0,20940.0,,,12330.0,9935.0,74679.0,2508.0,3517.0,74679.0,2908.0,1133.0,1984.0,3188.0,2484.0,3025.0,1963.0,3850.0,11996.0,13855.0,7064.0,21229.0,74727.0,39205.0,35522.0,74727.0,39205.0,35522.0,74727.0,39205.0,35522.0,74727.0,39205.0,35522.0,74727.0,39205.0,35522.0,74727.0,39205.0,35522.0
124,Buckeye city,2018,74378.0,38957.0,35421.0,802420.0,10470.0,26680.0,51570.0,62485.0,38400.0,78240.0,115205.0,177600.0,241765.0,,,,,,,,,,,,,67577.0,4129.0,4818.0,67577.0,4845.0,3257.0,845.0,1684.0,225.0,2879.0,4405.0,4107.0,12277.0,13206.0,7526.0,12321.0,67665.0,32256.0,35409.0,67665.0,32256.0,35409.0,67665.0,32256.0,35409.0,67665.0,32256.0,35409.0,67665.0,32256.0,35409.0,67665.0,32256.0,35409.0
125,Tempe city,2018,192354.0,101778.0,90576.0,2179455.0,73930.0,174415.0,314165.0,320220.0,340870.0,301380.0,145825.0,221345.0,287305.0,2179455.0,1809735.0,1630885.0,178850.0,148240.0,30610.0,143640.0,131275.0,12365.0,,51610.0,174470.0,182248.0,16687.0,15111.0,182248.0,19093.0,5877.0,6828.0,10644.0,5285.0,7653.0,4721.0,4308.0,30603.0,23151.0,18901.0,45184.0,192060.0,101708.0,90352.0,192060.0,101708.0,90352.0,192060.0,101708.0,90352.0,192060.0,101708.0,90352.0,192060.0,101708.0,90352.0,192060.0,101708.0,90352.0
126,Gilbert town,2018,248269.0,120840.0,127429.0,3072670.0,46845.0,107620.0,223220.0,367900.0,297475.0,439410.0,409215.0,566750.0,614235.0,3072670.0,2840015.0,2549925.0,290090.0,228510.0,61585.0,48055.0,48055.0,,,4305.0,180295.0,247491.0,5728.0,7176.0,247491.0,5636.0,3538.0,3730.0,4072.0,2355.0,4558.0,2490.0,6045.0,31373.0,41748.0,33254.0,108692.0,248115.0,120728.0,127387.0,248115.0,120728.0,127387.0,248115.0,120728.0,127387.0,248115.0,120728.0,127387.0,248115.0,120728.0,127387.0,248115.0,120728.0,127387.0
127,Flagstaff city,2018,73955.0,37736.0,36219.0,600480.0,42565.0,106970.0,141660.0,54885.0,20625.0,42210.0,23975.0,52000.0,115590.0,600480.0,499395.0,401700.0,97695.0,67395.0,30300.0,20075.0,20075.0,,,58875.0,22135.0,60697.0,6548.0,5070.0,60697.0,6873.0,2435.0,2310.0,2680.0,2424.0,3572.0,519.0,1467.0,8532.0,6977.0,5574.0,17334.0,73278.0,37172.0,36106.0,73278.0,37172.0,36106.0,73278.0,37172.0,36106.0,73278.0,37172.0,36106.0,73278.0,37172.0,36106.0,73278.0,37172.0,36106.0
128,Goodyear city,2018,82837.0,38978.0,43859.0,1098815.0,11110.0,38175.0,86660.0,76620.0,64025.0,115230.0,115440.0,220380.0,371180.0,,,,,,,,,,,,,78686.0,3232.0,1979.0,78686.0,2505.0,1149.0,1557.0,901.0,3156.0,1661.0,484.0,5087.0,9571.0,11831.0,13070.0,27714.0,78523.0,38452.0,40071.0,78523.0,38452.0,40071.0,78523.0,38452.0,40071.0,78523.0,38452.0,40071.0,78523.0,38452.0,40071.0,78523.0,38452.0,40071.0
129,Surprise city,2018,138144.0,66922.0,71222.0,1655880.0,21890.0,64695.0,103735.0,114675.0,58590.0,231385.0,180790.0,271520.0,608600.0,,,,,,,,,,,,,136909.0,3220.0,4160.0,136909.0,4507.0,1535.0,1338.0,2979.0,7370.0,2978.0,3419.0,4278.0,24863.0,27323.0,19478.0,36841.0,137227.0,66187.0,71040.0,137227.0,66187.0,71040.0,137227.0,66187.0,71040.0,137227.0,66187.0,71040.0,137227.0,66187.0,71040.0,137227.0,66187.0,71040.0
