,City,Population,Violent crime,Murder and nonnegligent manslaughter,Forcible rape,Robbery,Aggravated assault,Property crime,Burglary,Larceny-theft,Motor vehicle theft,year,Arson
0,Apache Junction,33225.0,108.0,3.0,15.0,14.0,76.0,1043.0,266.0,697.0,80.0,2010,3.0
2,Buckeye,50008.0,43.0,1.0,0.0,13.0,29.0,1245.0,344.0,815.0,86.0,2010,11.0
3,Bullhead City,39488.0,59.0,3.0,0.0,17.0,39.0,1540.0,336.0,1107.0,97.0,2010,6.0
4,Camp Verde,10535.0,18.0,0.0,0.0,1.0,17.0,240.0,60.0,166.0,14.0,2010,2.0
5,Casa Grande,42522.0,250.0,1.0,6.0,52.0,191.0,2847.0,599.0,2075.0,173.0,2010,12.0
6,Chandler,241826.0,691.0,6.0,61.0,195.0,429.0,7516.0,1373.0,5766.0,377.0,2010,50.0
7,Chino Valley,10837.0,48.0,0.0,4.0,0.0,44.0,220.0,44.0,165.0,11.0,2010,2.0
12,Cottonwood,11010.0,58.0,0.0,2.0,3.0,53.0,376.0,51.0,318.0,7.0,2010,3.0
14,El Mirage,24047.0,83.0,1.0,9.0,25.0,48.0,846.0,225.0,540.0,81.0,2010,6.0
15,Eloy,12897.0,88.0,4.0,3.0,8.0,73.0,675.0,270.0,341.0,64.0,2010,9.0
16,Flagstaff,58739.0,267.0,5.0,37.0,49.0,176.0,2955.0,226.0,2666.0,63.0,2010,21.0
17,Florence,21096.0,39.0,0.0,1.0,1.0,37.0,247.0,106.0,126.0,15.0,2010,4.0
19,Gilbert,215215.0,205.0,5.0,26.0,61.0,113.0,4080.0,791.0,3135.0,154.0,2010,38.0
20,Glendale,245387.0,963.0,12.0,46.0,385.0,520.0,13529.0,2264.0,9936.0,1329.0,2010,
22,Goodyear,61721.0,134.0,0.0,11.0,26.0,97.0,1991.0,883.0,907.0,201.0,2010,11.0
26,Kingman,26671.0,83.0,1.0,15.0,22.0,45.0,1574.0,358.0,1142.0,74.0,2010,2.0
28,Marana,34039.0,28.0,0.0,3.0,12.0,13.0,1095.0,125.0,900.0,70.0,2010,3.0
29,Mesa,452725.0,1790.0,15.0,124.0,511.0,1140.0,14876.0,2711.0,11158.0,1007.0,2010,59.0
31,Nogales,19399.0,51.0,0.0,0.0,5.0,46.0,766.0,114.0,556.0,96.0,2010,0.0
32,Oro Valley,42644.0,30.0,0.0,4.0,10.0,16.0,774.0,94.0,654.0,26.0,2010,4.0
34,Paradise Valley,14715.0,11.0,0.0,0.0,4.0,7.0,279.0,172.0,99.0,8.0,2010,0.0
36,Payson,15067.0,122.0,0.0,3.0,3.0,116.0,405.0,89.0,302.0,14.0,2010,1.0
37,Peoria,158184.0,282.0,6.0,38.0,66.0,172.0,4630.0,867.0,3380.0,383.0,2010,14.0
38,Phoenix,1544427.0,8002.0,117.0,522.0,3250.0,4113.0,61362.0,15626.0,38012.0,7724.0,2010,320.0
40,Prescott,41428.0,135.0,0.0,11.0,13.0,111.0,1251.0,221.0,979.0,51.0,2010,8.0
41,Prescott,37275.0,109.0,1.0,8.0,4.0,96.0,670.0,105.0,552.0,13.0,2010,3.0
43,Sahuarita,24067.0,14.0,0.0,3.0,0.0,11.0,369.0,55.0,292.0,22.0,2010,7.0
44,Scottsdale,230496.0,353.0,4.0,33.0,100.0,216.0,6563.0,1281.0,5014.0,268.0,2010,12.0
45,Sedona,11240.0,17.0,0.0,6.0,0.0,11.0,210.0,50.0,155.0,5.0,2010,1.0
46,Sierra Vista,41892.0,121.0,1.0,21.0,13.0,86.0,1395.0,212.0,1129.0,54.0,2010,7.0
48,Somerton,12360.0,5.0,0.0,0.0,3.0,2.0,225.0,41.0,160.0,24.0,2010,1.0
51,Surprise,92294.0,106.0,0.0,13.0,35.0,58.0,1977.0,440.0,1438.0,99.0,2010,27.0
52,Tempe,173004.0,779.0,11.0,43.0,268.0,457.0,8472.0,1416.0,6412.0,644.0,2010,42.0
56,Tucson,527107.0,3331.0,51.0,158.0,1088.0,2034.0,,5002.0,,3433.0,2010,153.0
61,Yuma,88291.0,550.0,3.0,24.0,56.0,467.0,3060.0,815.0,2058.0,187.0,2010,27.0
0,Apache Junction,36347.0,84.0,4.0,5.0,8.0,67.0,1239.0,308.0,848.0,83.0,2011,0.0
3,Buckeye,51596.0,43.0,0.0,1.0,11.0,31.0,1341.0,397.0,898.0,46.0,2011,5.0
4,Bullhead City,40100.0,57.0,3.0,0.0,25.0,29.0,1491.0,351.0,1068.0,72.0,2011,4.0
5,Camp Verde,11027.0,20.0,1.0,0.0,1.0,18.0,213.0,57.0,145.0,11.0,2011,1.0
6,Casa Grande,49259.0,232.0,4.0,3.0,53.0,172.0,2664.0,625.0,1892.0,147.0,2011,22.0
7,Chandler,239466.0,681.0,2.0,62.0,171.0,446.0,7416.0,1344.0,5741.0,331.0,2011,35.0
8,Chino Valley,10970.0,43.0,0.0,1.0,0.0,42.0,220.0,47.0,157.0,16.0,2011,0.0
13,Cottonwood,11424.0,54.0,0.0,1.0,3.0,50.0,462.0,58.0,389.0,15.0,2011,14.0
16,El Mirage,32247.0,95.0,2.0,14.0,23.0,56.0,1041.0,387.0,585.0,69.0,2011,5.0
17,Eloy,16866.0,98.0,3.0,4.0,10.0,81.0,479.0,162.0,284.0,33.0,2011,10.0
18,Flagstaff,66802.0,263.0,0.0,45.0,38.0,180.0,3008.0,235.0,2706.0,67.0,2011,24.0
19,Florence,25897.0,34.0,0.0,1.0,1.0,32.0,191.0,54.0,126.0,11.0,2011,2.0
21,Gilbert,211404.0,178.0,2.0,21.0,56.0,99.0,3854.0,823.0,2896.0,135.0,2011,25.0
22,Glendale,229931.0,1114.0,22.0,44.0,431.0,617.0,14738.0,2442.0,10838.0,1458.0,2011,65.0
24,Goodyear,66199.0,108.0,0.0,19.0,21.0,68.0,1860.0,814.0,940.0,106.0,2011,6.0
28,Kingman,28465.0,101.0,2.0,7.0,14.0,78.0,1520.0,303.0,1153.0,64.0,2011,4.0
29,Lake Havasu City,53271.0,98.0,1.0,26.0,3.0,68.0,1268.0,228.0,974.0,66.0,2011,5.0
31,Marana,35456.0,47.0,2.0,7.0,12.0,26.0,1373.0,164.0,1126.0,83.0,2011,5.0
33,Mesa,445256.0,1838.0,18.0,131.0,497.0,1192.0,15117.0,2769.0,11407.0,941.0,2011,74.0
35,Nogales,21132.0,59.0,1.0,1.0,3.0,54.0,611.0,111.0,433.0,67.0,2011,0.0
36,Oro Valley,41592.0,24.0,1.0,2.0,6.0,15.0,744.0,142.0,576.0,26.0,2011,3.0
38,Paradise Valley,13001.0,10.0,0.0,3.0,2.0,5.0,302.0,195.0,104.0,3.0,2011,0.0
39,Payson,15518.0,49.0,0.0,3.0,5.0,41.0,374.0,92.0,264.0,18.0,2011,0.0
40,Peoria,156246.0,301.0,2.0,35.0,56.0,208.0,4774.0,1088.0,3360.0,326.0,2011,6.0
41,Phoenix,1466097.0,8089.0,116.0,559.0,3324.0,4090.0,64479.0,18666.0,38258.0,7555.0,2011,273.0
44,Prescott,40407.0,171.0,4.0,12.0,13.0,142.0,1258.0,260.0,960.0,38.0,2011,6.0
45,Prescott,39372.0,113.0,3.0,6.0,6.0,98.0,780.0,120.0,635.0,25.0,2011,6.0
46,Sahuarita,25617.0,14.0,0.0,2.0,1.0,11.0,449.0,66.0,370.0,13.0,2011,8.0
47,Scottsdale,220462.0,400.0,4.0,34.0,125.0,237.0,6724.0,1424.0,5054.0,246.0,2011,25.0
48,Sedona,10173.0,26.0,0.0,2.0,0.0,24.0,175.0,38.0,134.0,3.0,2011,0.0
49,Show Low,10811.0,81.0,2.0,4.0,6.0,69.0,501.0,110.0,383.0,8.0,2011,5.0
50,Sierra Vista,44509.0,145.0,2.0,21.0,14.0,108.0,1326.0,167.0,1114.0,45.0,2011,9.0
52,Somerton,14489.0,12.0,0.0,0.0,4.0,8.0,186.0,32.0,137.0,17.0,2011,1.0
55,Surprise,119181.0,131.0,0.0,12.0,51.0,68.0,2598.0,617.0,1873.0,108.0,2011,22.0
56,Tempe,164008.0,787.0,5.0,45.0,237.0,500.0,8933.0,1579.0,6804.0,550.0,2011,28.0
60,Tucson,527479.0,3440.0,51.0,204.0,1163.0,2022.0,,4979.0,,2746.0,2011,167.0
66,Yuma,94381.0,490.0,4.0,33.0,66.0,387.0,3227.0,822.0,2196.0,209.0,2011,23.0
0,Apache Junction,36986.0,130.0,1.0,13.0,21.0,95.0,1025.0,236.0,719.0,70.0,2012,1.0
4,Buckeye,52213.0,54.0,3.0,1.0,11.0,39.0,1372.0,374.0,924.0,74.0,2012,1.0
5,Bullhead City,40277.0,86.0,5.0,0.0,26.0,55.0,1626.0,330.0,1195.0,101.0,2012,2.0
6,Camp Verde,11033.0,21.0,1.0,0.0,0.0,20.0,276.0,44.0,221.0,11.0,2012,4.0
7,Casa Grande,50132.0,211.0,3.0,4.0,46.0,158.0,2857.0,767.0,1934.0,156.0,2012,
8,Chandler,242721.0,628.0,4.0,64.0,149.0,411.0,6571.0,1147.0,5168.0,256.0,2012,78.0
9,Chino Valley,10981.0,77.0,2.0,3.0,1.0,71.0,219.0,45.0,162.0,12.0,2012,
13,Cottonwood,11434.0,51.0,0.0,0.0,7.0,44.0,411.0,37.0,357.0,17.0,2012,14.0
16,El Mirage,32685.0,86.0,3.0,7.0,18.0,58.0,946.0,292.0,582.0,72.0,2012,3.0
17,Eloy,17149.0,84.0,1.0,7.0,9.0,67.0,569.0,179.0,358.0,32.0,2012,22.0
18,Flagstaff,66633.0,262.0,0.0,28.0,45.0,189.0,2834.0,242.0,2533.0,59.0,2012,23.0
19,Florence,25795.0,29.0,0.0,0.0,1.0,28.0,224.0,47.0,169.0,8.0,2012,0.0
21,Gilbert,214264.0,205.0,5.0,19.0,59.0,122.0,3386.0,726.0,2496.0,164.0,2012,25.0
22,Glendale,232997.0,1145.0,12.0,54.0,413.0,666.0,14934.0,2847.0,10863.0,1224.0,2012,78.0
23,Goodyear,67033.0,103.0,0.0,12.0,24.0,67.0,1774.0,479.0,1188.0,107.0,2012,13.0
26,Kingman,28588.0,93.0,0.0,9.0,8.0,76.0,1775.0,406.0,1269.0,100.0,2012,4.0
27,Lake Havasu City,53513.0,58.0,2.0,10.0,7.0,39.0,1356.0,256.0,1012.0,88.0,2012,4.0
29,Marana,35617.0,35.0,0.0,0.0,13.0,22.0,1157.0,126.0,936.0,95.0,2012,2.0
31,Mesa,451391.0,1804.0,14.0,172.0,469.0,1149.0,14140.0,2681.0,10572.0,887.0,2012,97.0
33,Nogales,21177.0,45.0,1.0,0.0,10.0,34.0,497.0,75.0,375.0,47.0,2012,0.0
34,Oro Valley,41786.0,21.0,1.0,4.0,3.0,13.0,679.0,95.0,553.0,31.0,2012,2.0
36,Paradise Valley,13177.0,9.0,2.0,3.0,0.0,4.0,256.0,129.0,119.0,8.0,2012,1.0
38,Payson,15337.0,48.0,1.0,0.0,7.0,40.0,421.0,134.0,270.0,17.0,2012,1.0
39,Peoria,158347.0,296.0,9.0,24.0,77.0,186.0,4673.0,929.0,3478.0,266.0,2012,7.0
40,Phoenix,1485509.0,9458.0,123.0,556.0,3516.0,5263.0,60777.0,17912.0,35678.0,7187.0,2012,306.0
43,Prescott,40420.0,168.0,2.0,14.0,19.0,133.0,1104.0,197.0,883.0,24.0,2012,9.0
44,Prescott,39407.0,89.0,4.0,1.0,8.0,76.0,750.0,95.0,622.0,33.0,2012,3.0
45,Sahuarita,25736.0,11.0,0.0,2.0,2.0,7.0,374.0,49.0,311.0,14.0,2012,14.0
47,Scottsdale,223432.0,329.0,3.0,42.0,115.0,169.0,6047.0,1255.0,4551.0,241.0,2012,27.0
48,Sedona,10173.0,20.0,0.0,4.0,4.0,12.0,219.0,50.0,161.0,8.0,2012,0.0
49,Show Low,10773.0,87.0,0.0,4.0,6.0,77.0,569.0,107.0,450.0,12.0,2012,0.0
50,Sierra Vista,46612.0,130.0,0.0,24.0,28.0,78.0,1541.0,246.0,1217.0,78.0,2012,5.0
52,Somerton,14687.0,18.0,0.0,0.0,0.0,18.0,224.0,70.0,143.0,11.0,2012,0.0
55,Surprise,120793.0,162.0,3.0,8.0,62.0,89.0,2488.0,519.0,1851.0,118.0,2012,14.0
56,Tempe,166061.0,878.0,11.0,44.0,253.0,570.0,7824.0,1250.0,6085.0,489.0,2012,25.0
59,Tucson,531535.0,3851.0,43.0,234.0,1260.0,2314.0,,5021.0,,2499.0,2012,198.0
63,Yuma,95568.0,508.0,5.0,27.0,61.0,415.0,3353.0,955.0,2162.0,236.0,2012,35.0
1,Buckeye,55710.0,49.0,1.0,1.0,17.0,30.0,1328.0,334.0,925.0,69.0,2013,8.0
2,Bullhead City,39577.0,76.0,0.0,0.0,25.0,51.0,1716.0,363.0,1252.0,101.0,2013,11.0
3,Camp Verde,10942.0,33.0,0.0,2.0,0.0,31.0,259.0,57.0,185.0,17.0,2013,0.0
4,Casa Grande,50058.0,229.0,5.0,12.0,57.0,155.0,1975.0,474.0,1415.0,86.0,2013,37.0
5,Chandler,248718.0,575.0,2.0,52.0,162.0,359.0,5900.0,993.0,4628.0,279.0,2013,77.0
6,Chino Valley,10850.0,50.0,1.0,1.0,2.0,46.0,207.0,34.0,163.0,10.0,2013,0.0
10,Cottonwood,11285.0,44.0,0.0,1.0,3.0,40.0,401.0,40.0,346.0,15.0,2013,7.0
12,El Mirage,32837.0,86.0,1.0,4.0,18.0,63.0,1173.0,297.0,802.0,74.0,2013,5.0
13,Eloy,17602.0,72.0,1.0,8.0,7.0,56.0,506.0,156.0,311.0,39.0,2013,28.0
14,Flagstaff,67963.0,246.0,1.0,25.0,43.0,177.0,2869.0,220.0,2594.0,55.0,2013,25.0
15,Florence,26682.0,24.0,1.0,0.0,2.0,21.0,198.0,29.0,168.0,1.0,2013,0.0
17,Gilbert,225232.0,193.0,1.0,14.0,47.0,131.0,3472.0,647.0,2672.0,153.0,2013,22.0
18,Glendale,234006.0,905.0,13.0,49.0,335.0,508.0,13626.0,2410.0,10166.0,1050.0,2013,60.0
20,Goodyear,71048.0,94.0,4.0,16.0,20.0,54.0,1716.0,433.0,1201.0,82.0,2013,31.0
25,Kingman,28400.0,128.0,1.0,11.0,19.0,97.0,1621.0,398.0,1159.0,64.0,2013,2.0
26,Lake Havasu City,52891.0,87.0,1.0,17.0,11.0,58.0,1252.0,285.0,899.0,68.0,2013,6.0
28,Marana,37469.0,37.0,1.0,4.0,10.0,22.0,1056.0,134.0,882.0,40.0,2013,4.0
30,Mesa,456155.0,1807.0,22.0,203.0,478.0,1104.0,12916.0,2357.0,9607.0,952.0,2013,124.0
32,Nogales,20736.0,39.0,0.0,0.0,5.0,34.0,523.0,94.0,372.0,57.0,2013,0.0
34,Paradise Valley,13286.0,13.0,0.0,1.0,0.0,12.0,215.0,63.0,146.0,6.0,2013,1.0
35,Payson,15192.0,56.0,1.0,4.0,3.0,48.0,483.0,94.0,368.0,21.0,2013,0.0
36,Peoria,161641.0,254.0,4.0,16.0,59.0,175.0,3830.0,717.0,2906.0,207.0,2013,7.0
37,Phoenix,1502139.0,9492.0,118.0,635.0,3233.0,5506.0,60085.0,16747.0,36983.0,6355.0,2013,269.0
40,Prescott,40752.0,124.0,0.0,7.0,11.0,106.0,1085.0,182.0,855.0,48.0,2013,4.0
41,Prescott,39209.0,82.0,0.0,6.0,6.0,70.0,751.0,109.0,612.0,30.0,2013,3.0
43,Sahuarita,26535.0,17.0,0.0,2.0,1.0,14.0,349.0,37.0,304.0,8.0,2013,2.0
45,Scottsdale,225523.0,337.0,4.0,37.0,101.0,195.0,5766.0,1093.0,4465.0,208.0,2013,15.0
46,Sedona,10036.0,20.0,0.0,6.0,1.0,13.0,217.0,41.0,171.0,5.0,2013,1.0
47,Show Low,10732.0,125.0,0.0,6.0,6.0,113.0,577.0,73.0,494.0,10.0,2013,2.0
49,Somerton,15014.0,15.0,0.0,0.0,1.0,14.0,187.0,48.0,119.0,20.0,2013,0.0
53,Surprise,122497.0,149.0,0.0,14.0,49.0,86.0,2120.0,402.0,1572.0,146.0,2013,6.0
54,Tempe,168501.0,831.0,3.0,62.0,224.0,542.0,7876.0,1276.0,6113.0,487.0,2013,44.0
57,Tucson,525486.0,3368.0,47.0,216.0,1002.0,2103.0,34587.0,4957.0,27440.0,2190.0,2013,151.0
62,Yuma,96014.0,587.0,5.0,46.0,64.0,472.0,3375.0,805.0,2348.0,222.0,2013,25.0
0,Apache Junction,37274.0,91.0,2.0,8.0,17.0,64.0,1221.0,404.0,748.0,69.0,2014,14.0
1,Buckeye,58126.0,29.0,1.0,4.0,7.0,17.0,1141.0,195.0,878.0,68.0,2014,
2,Bullhead City,39337.0,81.0,2.0,1.0,12.0,66.0,1603.0,391.0,1098.0,114.0,2014,5.0
3,Camp Verde,11055.0,36.0,0.0,2.0,1.0,33.0,273.0,76.0,172.0,25.0,2014,5.0
4,Casa Grande,50207.0,240.0,1.0,21.0,53.0,165.0,1795.0,361.0,1366.0,68.0,2014,27.0
5,Chandler,252369.0,466.0,1.0,60.0,111.0,294.0,5643.0,954.0,4461.0,228.0,2014,97.0
6,Chino Valley,10979.0,76.0,0.0,3.0,3.0,70.0,294.0,57.0,217.0,20.0,2014,3.0
10,El Mirage,33307.0,56.0,0.0,4.0,13.0,39.0,1015.0,244.0,701.0,70.0,2014,8.0
11,Eloy,17001.0,85.0,2.0,4.0,8.0,71.0,498.0,127.0,343.0,28.0,2014,7.0
12,Flagstaff,69490.0,275.0,3.0,30.0,46.0,196.0,3020.0,215.0,2722.0,83.0,2014,11.0
13,Florence,25068.0,32.0,1.0,0.0,0.0,31.0,150.0,22.0,118.0,10.0,2014,0.0
15,Gilbert,235430.0,209.0,0.0,27.0,41.0,141.0,3473.0,580.0,2766.0,127.0,2014,23.0
19,Kingman,28526.0,73.0,1.0,6.0,9.0,57.0,1471.0,248.0,1151.0,72.0,2014,15.0
20,Lake Havasu City,52892.0,88.0,1.0,14.0,5.0,68.0,1109.0,222.0,830.0,57.0,2014,2.0
22,Mesa,462092.0,2119.0,13.0,252.0,469.0,1385.0,12940.0,2358.0,9744.0,838.0,2014,85.0
24,Nogales,20382.0,48.0,0.0,0.0,5.0,43.0,539.0,122.0,374.0,43.0,2014,0.0
27,Payson,15238.0,55.0,1.0,2.0,2.0,50.0,376.0,112.0,241.0,23.0,2014,0.0
28,Peoria,164722.0,244.0,2.0,36.0,60.0,146.0,3299.0,607.0,2510.0,182.0,2014,3.0
29,Phoenix,1529852.0,8749.0,114.0,1006.0,2952.0,4677.0,56977.0,14316.0,35461.0,7200.0,2014,313.0
32,Prescott,40992.0,141.0,0.0,6.0,14.0,121.0,1229.0,179.0,1004.0,46.0,2014,5.0
33,Prescott,40035.0,88.0,1.0,7.0,13.0,67.0,928.0,107.0,806.0,15.0,2014,3.0
35,Sahuarita,27207.0,9.0,0.0,2.0,3.0,4.0,393.0,51.0,326.0,16.0,2014,2.0
38,Somerton,15145.0,25.0,0.0,0.0,1.0,24.0,215.0,63.0,121.0,31.0,2014,0.0
42,Surprise,125049.0,137.0,4.0,9.0,31.0,93.0,2099.0,350.0,1620.0,129.0,2014,14.0
43,Tempe,169812.0,799.0,5.0,103.0,193.0,498.0,8044.0,1177.0,6406.0,461.0,2014,42.0
49,Yuma,92075.0,520.0,3.0,35.0,70.0,412.0,3334.0,855.0,2166.0,313.0,2014,38.0
0,Apache Junction,38519.0,96.0,0.0,3.0,11.0,82.0,1282.0,352.0,836.0,94.0,2015,7.0
2,Buckeye,61726.0,28.0,2.0,1.0,7.0,18.0,1103.0,189.0,855.0,59.0,2015,12.0
3,Bullhead City,39319.0,89.0,1.0,1.0,18.0,69.0,1306.0,253.0,963.0,90.0,2015,3.0
4,Camp Verde,11155.0,48.0,1.0,3.0,0.0,44.0,303.0,68.0,219.0,16.0,2015,1.0
5,Casa Grande,51918.0,244.0,2.0,12.0,57.0,173.0,1802.0,304.0,1413.0,85.0,2015,19.0
6,Chandler,258875.0,490.0,1.0,79.0,114.0,296.0,5393.0,770.0,4367.0,256.0,2015,45.0
9,Cottonwood,11678.0,34.0,1.0,0.0,1.0,32.0,423.0,46.0,353.0,24.0,2015,7.0
11,El Mirage,33985.0,81.0,1.0,4.0,19.0,57.0,1096.0,282.0,731.0,83.0,2015,11.0
12,Eloy,16678.0,89.0,1.0,8.0,8.0,72.0,457.0,97.0,331.0,29.0,2015,13.0
13,Flagstaff,69471.0,260.0,0.0,35.0,45.0,180.0,2654.0,180.0,2418.0,56.0,2015,19.0
14,Florence,26926.0,34.0,1.0,3.0,1.0,29.0,174.0,34.0,128.0,12.0,2015,1.0
16,Gilbert,247324.0,177.0,2.0,28.0,32.0,115.0,3267.0,530.0,2600.0,137.0,2015,20.0
17,Glendale,240374.0,943.0,13.0,94.0,356.0,480.0,12955.0,1986.0,9920.0,1049.0,2015,51.0
19,Goodyear,78447.0,143.0,1.0,18.0,15.0,109.0,1784.0,378.0,1301.0,105.0,2015,15.0
23,Kingman,28651.0,77.0,1.0,9.0,14.0,53.0,1443.0,207.0,1167.0,69.0,2015,2.0
24,Lake Havasu City,53220.0,93.0,0.0,30.0,6.0,57.0,987.0,216.0,728.0,43.0,2015,2.0
26,Marana,41302.0,30.0,2.0,5.0,5.0,18.0,973.0,69.0,867.0,37.0,2015,2.0
28,Mesa,471034.0,1972.0,16.0,241.0,408.0,1307.0,11905.0,2219.0,8861.0,825.0,2015,80.0
30,Nogales,20312.0,20.0,0.0,0.0,2.0,18.0,551.0,87.0,374.0,90.0,2015,0.0
31,Oro Valley,42258.0,27.0,0.0,4.0,8.0,15.0,583.0,79.0,481.0,23.0,2015,0.0
33,Paradise Valley,13886.0,16.0,0.0,5.0,2.0,9.0,208.0,75.0,126.0,7.0,2015,1.0
35,Payson,15228.0,39.0,1.0,3.0,4.0,31.0,412.0,77.0,319.0,16.0,2015,0.0
36,Peoria,170222.0,283.0,1.0,31.0,64.0,187.0,3368.0,647.0,2516.0,205.0,2015,11.0
37,Phoenix,1559744.0,9261.0,112.0,1016.0,3020.0,5113.0,54456.0,12798.0,34288.0,7370.0,2015,
40,Prescott,41393.0,137.0,4.0,11.0,13.0,109.0,1061.0,140.0,884.0,37.0,2015,5.0
41,Prescott,41661.0,97.0,1.0,9.0,5.0,82.0,1041.0,102.0,900.0,39.0,2015,2.0
44,Sahuarita,28067.0,13.0,0.0,2.0,0.0,11.0,339.0,44.0,277.0,18.0,2015,1.0
46,Scottsdale,233872.0,434.0,6.0,106.0,100.0,222.0,5332.0,829.0,4311.0,192.0,2015,10.0
47,Sedona,10340.0,14.0,0.0,3.0,0.0,11.0,141.0,25.0,112.0,4.0,2015,3.0
48,Show Low,10878.0,21.0,0.0,2.0,2.0,17.0,532.0,50.0,469.0,13.0,2015,2.0
49,Sierra Vista,43452.0,107.0,2.0,8.0,13.0,84.0,1262.0,181.0,1032.0,49.0,2015,15.0
51,Somerton,15061.0,22.0,0.0,0.0,1.0,21.0,211.0,51.0,128.0,32.0,2015,0.0
54,Surprise,128525.0,168.0,2.0,17.0,44.0,105.0,2182.0,410.0,1667.0,105.0,2015,23.0
55,Tempe,175556.0,721.0,7.0,101.0,183.0,430.0,7642.0,1108.0,6175.0,359.0,2015,65.0
58,Tucson,529675.0,3472.0,31.0,422.0,1059.0,1960.0,35185.0,3664.0,29592.0,1929.0,2015,117.0
64,Yuma,93923.0,453.0,5.0,46.0,74.0,328.0,2925.0,682.0,1984.0,259.0,2015,32.0
0,Apache Junction,38506.0,107.0,0.0,1.0,15.0,91.0,921.0,251.0,597.0,73.0,2016,9.0
2,Buckeye,64563.0,35.0,2.0,2.0,15.0,16.0,1025.0,115.0,839.0,71.0,2016,2.0
3,Bullhead City,39426.0,99.0,0.0,10.0,16.0,73.0,1405.0,308.0,999.0,98.0,2016,2.0
4,Camp Verde,11213.0,30.0,1.0,0.0,4.0,25.0,351.0,90.0,235.0,26.0,2016,2.0
5,Casa Grande,51995.0,284.0,1.0,23.0,38.0,222.0,1744.0,346.0,1329.0,69.0,2016,12.0
6,Chandler,265922.0,558.0,4.0,124.0,157.0,273.0,6152.0,864.0,4895.0,393.0,2016,21.0
7,Chino Valley,11202.0,74.0,0.0,0.0,2.0,72.0,249.0,55.0,177.0,17.0,2016,0.0
10,Cottonwood,11932.0,43.0,0.0,1.0,1.0,41.0,496.0,66.0,404.0,26.0,2016,3.0
13,El Mirage,34376.0,74.0,1.0,7.0,16.0,50.0,1052.0,284.0,667.0,101.0,2016,9.0
14,Eloy,17110.0,62.0,0.0,3.0,6.0,53.0,460.0,117.0,307.0,36.0,2016,10.0
15,Flagstaff,71179.0,265.0,0.0,26.0,30.0,209.0,2856.0,255.0,2542.0,59.0,2016,24.0
16,Florence,31130.0,22.0,0.0,0.0,0.0,22.0,151.0,36.0,108.0,7.0,2016,0.0
18,Gilbert,255899.0,200.0,3.0,39.0,37.0,121.0,3368.0,564.0,2678.0,126.0,2016,31.0
19,Glendale,242938.0,1204.0,23.0,107.0,476.0,598.0,12805.0,1981.0,9690.0,1134.0,2016,
20,Goodyear,82018.0,310.0,0.0,18.0,28.0,264.0,2063.0,359.0,1561.0,143.0,2016,0.0
24,Kingman,29069.0,101.0,3.0,7.0,21.0,70.0,1480.0,262.0,1152.0,66.0,2016,10.0
25,Lake Havasu City,53746.0,141.0,2.0,31.0,6.0,102.0,1218.0,263.0,849.0,106.0,2016,25.0
26,Marana,42808.0,40.0,1.0,8.0,13.0,18.0,1045.0,66.0,947.0,32.0,2016,2.0
28,Mesa,478277.0,2051.0,19.0,272.0,450.0,1310.0,11214.0,1950.0,8404.0,860.0,2016,30.0
30,Nogales,20143.0,62.0,0.0,0.0,2.0,60.0,502.0,80.0,304.0,118.0,2016,0.0
31,Oro Valley,44089.0,29.0,0.0,4.0,7.0,18.0,653.0,70.0,555.0,28.0,2016,1.0
33,Paradise Valley,14155.0,9.0,0.0,5.0,1.0,3.0,232.0,57.0,168.0,7.0,2016,0.0
35,Payson,15351.0,55.0,0.0,5.0,5.0,45.0,379.0,85.0,265.0,29.0,2016,0.0
36,Peoria,174797.0,350.0,2.0,37.0,85.0,226.0,3709.0,645.0,2804.0,260.0,2016,12.0
37,Phoenix,1586611.0,10700.0,146.0,1019.0,3272.0,6263.0,58552.0,13024.0,37568.0,7960.0,2016,216.0
40,Prescott,42321.0,170.0,0.0,10.0,18.0,142.0,924.0,175.0,720.0,29.0,2016,5.0
41,Prescott,42900.0,78.0,1.0,13.0,14.0,50.0,994.0,126.0,836.0,32.0,2016,1.0
43,Sahuarita,25792.0,23.0,0.0,3.0,1.0,19.0,375.0,42.0,320.0,13.0,2016,3.0
45,Scottsdale,240885.0,369.0,4.0,90.0,112.0,163.0,5698.0,768.0,4681.0,249.0,2016,13.0
46,Show Low,10892.0,2.0,1.0,0.0,0.0,1.0,439.0,33.0,396.0,10.0,2016,4.0
47,Sierra Vista,42988.0,85.0,3.0,15.0,18.0,49.0,1278.0,249.0,974.0,55.0,2016,6.0
49,Somerton,15196.0,26.0,0.0,0.0,0.0,26.0,180.0,47.0,95.0,38.0,2016,0.0
51,Surprise,130679.0,135.0,6.0,12.0,38.0,79.0,2489.0,353.0,1980.0,156.0,2016,5.0
52,Tempe,178654.0,902.0,4.0,155.0,237.0,506.0,8144.0,1200.0,6494.0,450.0,2016,38.0
54,Tucson,533663.0,4245.0,30.0,469.0,1235.0,2511.0,31265.0,4138.0,25185.0,1942.0,2016,119.0
0,Apache Junction,41245.0,81.0,0.0,0.0,16.0,65.0,773.0,118.0,575.0,80.0,2018,5.0
2,Buckeye,71318.0,125.0,1.0,30.0,16.0,78.0,1348.0,171.0,1113.0,64.0,2018,1.0
3,Bullhead City,40354.0,149.0,1.0,20.0,34.0,94.0,1444.0,362.0,945.0,137.0,2018,4.0
4,Camp Verde,11249.0,31.0,0.0,3.0,3.0,25.0,212.0,53.0,142.0,17.0,2018,0.0
5,Casa Grande,56479.0,346.0,1.0,32.0,34.0,279.0,1478.0,228.0,1144.0,106.0,2018,6.0
6,Chandler,255986.0,606.0,4.0,146.0,123.0,333.0,5430.0,658.0,4455.0,317.0,2018,15.0
7,Chino Valley,11840.0,42.0,1.0,3.0,1.0,37.0,179.0,33.0,132.0,14.0,2018,0.0
11,El Mirage,35733.0,77.0,1.0,15.0,12.0,49.0,933.0,397.0,448.0,88.0,2018,11.0
12,Eloy,19549.0,81.0,0.0,8.0,2.0,71.0,351.0,70.0,252.0,29.0,2018,6.0
13,Flagstaff,72852.0,342.0,2.0,37.0,40.0,263.0,2465.0,178.0,2234.0,53.0,2018,48.0
14,Florence,25987.0,34.0,0.0,2.0,0.0,32.0,127.0,16.0,105.0,6.0,2018,0.0
16,Gilbert,247463.0,234.0,2.0,75.0,32.0,125.0,3273.0,406.0,2715.0,152.0,2018,16.0
17,Glendale,249799.0,1167.0,9.0,110.0,325.0,723.0,10186.0,1641.0,7491.0,1054.0,2018,62.0
19,Goodyear,82159.0,203.0,2.0,35.0,33.0,133.0,2081.0,358.0,1624.0,99.0,2018,0.0
24,Kingman,29669.0,118.0,1.0,5.0,15.0,97.0,1152.0,174.0,898.0,80.0,2018,15.0
25,Lake Havasu City,54678.0,88.0,2.0,20.0,6.0,60.0,830.0,155.0,615.0,60.0,2018,5.0
26,Marana,46447.0,33.0,0.0,7.0,5.0,21.0,1076.0,62.0,962.0,52.0,2018,7.0
28,Mesa,504873.0,1837.0,17.0,238.0,417.0,1165.0,10024.0,1563.0,7598.0,863.0,2018,12.0
30,Nogales,19973.0,41.0,2.0,0.0,0.0,39.0,610.0,82.0,392.0,136.0,2018,0.0
31,Oro Valley,44844.0,17.0,0.0,6.0,3.0,8.0,610.0,67.0,525.0,18.0,2018,0.0
33,Paradise Valley,14519.0,3.0,0.0,1.0,1.0,1.0,196.0,46.0,141.0,9.0,2018,0.0
35,Payson,15549.0,63.0,0.0,3.0,4.0,56.0,403.0,94.0,292.0,17.0,2018,3.0
36,Peoria,170177.0,388.0,3.0,57.0,68.0,260.0,3241.0,519.0,2505.0,217.0,2018,6.0
37,Phoenix,1653080.0,12110.0,132.0,1086.0,3112.0,7780.0,57732.0,10479.0,39438.0,7815.0,2018,242.0
39,Prescott,43172.0,136.0,2.0,11.0,2.0,121.0,896.0,107.0,749.0,40.0,2018,5.0
40,Prescott,45337.0,67.0,1.0,10.0,5.0,51.0,776.0,73.0,676.0,27.0,2018,1.0
43,Sahuarita,29896.0,38.0,0.0,8.0,6.0,24.0,348.0,42.0,281.0,25.0,2018,0.0
45,Scottsdale,254961.0,422.0,7.0,122.0,87.0,206.0,5683.0,711.0,4700.0,272.0,2018,17.0
46,Show Low,11156.0,59.0,0.0,7.0,0.0,52.0,427.0,60.0,350.0,17.0,2018,0.0
47,Sierra Vista,42574.0,104.0,0.0,26.0,14.0,64.0,1121.0,153.0,923.0,45.0,2018,2.0
49,Somerton,16380.0,19.0,2.0,0.0,1.0,16.0,218.0,63.0,121.0,34.0,2018,4.0
53,Surprise,136611.0,165.0,7.0,21.0,37.0,100.0,2103.0,239.0,1672.0,192.0,2018,5.0
54,Tempe,188543.0,913.0,5.0,176.0,189.0,543.0,7802.0,1017.0,6247.0,538.0,2018,12.0
58,Tucson,537392.0,3958.0,47.0,504.0,1224.0,2183.0,26623.0,3257.0,20798.0,2568.0,2018,158.0
64,Yuma,96121.0,491.0,9.0,37.0,55.0,390.0,2041.0,407.0,1417.0,217.0,2018,18.0
0,Apache Junction,33532.0,163.0,0.0,13.0,19.0,131.0,,,1280.0,225.0,2006,14.0
3,Bullhead City,40596.0,160.0,1.0,6.0,39.0,114.0,2049.0,472.0,1349.0,228.0,2006,19.0
4,Camp Verde,10543.0,50.0,0.0,4.0,0.0,46.0,274.0,37.0,204.0,33.0,2006,4.0
5,Casa Grande,34111.0,248.0,1.0,4.0,49.0,194.0,3093.0,1042.0,1678.0,373.0,2006,17.0
6,Chandler,243919.0,959.0,9.0,56.0,236.0,658.0,8724.0,1401.0,6152.0,1171.0,2006,70.0
7,Chino Valley,10081.0,15.0,0.0,1.0,1.0,13.0,189.0,52.0,126.0,11.0,2006,2.0
12,Cottonwood,11310.0,44.0,0.0,0.0,2.0,42.0,438.0,54.0,357.0,27.0,2006,5.0
14,El Mirage,23018.0,122.0,2.0,12.0,17.0,91.0,835.0,194.0,458.0,183.0,2006,14.0
15,Eloy,11270.0,83.0,0.0,4.0,33.0,46.0,676.0,196.0,418.0,62.0,2006,25.0
16,Flagstaff,59585.0,428.0,3.0,46.0,89.0,290.0,4024.0,497.0,3340.0,187.0,2006,59.0
17,Florence,17705.0,38.0,1.0,0.0,1.0,36.0,,,103.0,21.0,2006,0.0
19,Gilbert,180640.0,254.0,3.0,37.0,53.0,161.0,4935.0,949.0,3516.0,470.0,2006,23.0
20,Glendale,248587.0,1539.0,21.0,75.0,466.0,977.0,12094.0,3756.0,5625.0,2713.0,2006,85.0
22,Goodyear,45621.0,90.0,0.0,14.0,27.0,49.0,2675.0,1443.0,862.0,370.0,2006,4.0
26,Kingman,26524.0,123.0,4.0,7.0,29.0,83.0,2164.0,465.0,1503.0,196.0,2006,15.0
27,Lake Havasu City,57453.0,101.0,3.0,10.0,11.0,77.0,1715.0,321.0,1243.0,151.0,2006,11.0
29,Marana,27096.0,78.0,1.0,4.0,14.0,59.0,1167.0,235.0,796.0,136.0,2006,7.0
30,Mesa,459705.0,2003.0,26.0,203.0,508.0,1266.0,21304.0,3283.0,14367.0,3654.0,2006,38.0
32,Nogales,21629.0,79.0,0.0,0.0,14.0,65.0,573.0,117.0,322.0,134.0,2006,3.0
33,Oro Valley,39907.0,29.0,1.0,2.0,5.0,21.0,741.0,101.0,578.0,62.0,2006,9.0
34,Paradise Valley,15114.0,14.0,0.0,0.0,3.0,11.0,341.0,202.0,124.0,15.0,2006,2.0
35,Payson,15292.0,14.0,1.0,2.0,1.0,10.0,394.0,100.0,280.0,14.0,2006,2.0
36,Peoria,143483.0,317.0,2.0,41.0,77.0,197.0,5719.0,1075.0,3672.0,972.0,2006,20.0
37,Phoenix,1517443.0,11194.0,234.0,550.0,4363.0,6047.0,90050.0,16150.0,49811.0,24089.0,2006,525.0
39,Prescott,41903.0,181.0,3.0,12.0,32.0,134.0,1541.0,318.0,1133.0,90.0,2006,19.0
40,Prescott,34332.0,207.0,2.0,15.0,9.0,181.0,910.0,187.0,687.0,36.0,2006,4.0
43,Scottsdale,234652.0,505.0,5.0,65.0,153.0,282.0,8315.0,1721.0,5476.0,1118.0,2006,50.0
44,Sedona,11649.0,23.0,0.0,3.0,2.0,18.0,241.0,43.0,185.0,13.0,2006,0.0
45,Show Low,10382.0,98.0,0.0,7.0,2.0,89.0,478.0,159.0,294.0,25.0,2006,1.0
46,Sierra Vista,43510.0,109.0,1.0,10.0,16.0,82.0,1957.0,217.0,1575.0,165.0,2006,12.0
48,Somerton,10456.0,20.0,0.0,1.0,2.0,17.0,224.0,32.0,164.0,28.0,2006,1.0
52,Surprise,77255.0,106.0,0.0,17.0,21.0,68.0,2253.0,360.0,1610.0,283.0,2006,11.0
53,Tempe,167303.0,1094.0,5.0,71.0,426.0,592.0,12589.0,1795.0,8374.0,2420.0,2006,74.0
56,Tucson,535232.0,4580.0,51.0,294.0,1675.0,2560.0,,5121.0,,7376.0,2006,301.0
63,Yuma,87925.0,542.0,3.0,33.0,84.0,422.0,4066.0,809.0,2512.0,745.0,2006,45.0
0,Apache Junction,30925.0,140.0,4.0,18.0,26.0,92.0,1677.0,316.0,1127.0,234.0,2007,5.0
3,Buckeye,34618.0,51.0,1.0,6.0,9.0,35.0,1582.0,560.0,858.0,164.0,2007,6.0
4,Bullhead City,41209.0,114.0,4.0,2.0,33.0,75.0,1999.0,491.0,1367.0,141.0,2007,10.0
5,Camp Verde,10780.0,32.0,1.0,1.0,1.0,29.0,327.0,59.0,242.0,26.0,2007,3.0
6,Casa Grande,35951.0,307.0,2.0,5.0,79.0,221.0,3024.0,968.0,1710.0,346.0,2007,17.0
7,Chandler,250868.0,823.0,9.0,51.0,246.0,517.0,7934.0,1231.0,5871.0,832.0,2007,68.0
8,Chino Valley,10886.0,,0.0,2.0,0.0,,228.0,42.0,172.0,14.0,2007,0.0
13,Cottonwood,11455.0,52.0,1.0,0.0,8.0,43.0,531.0,72.0,421.0,38.0,2007,3.0
16,Eloy,10795.0,90.0,0.0,17.0,17.0,56.0,654.0,168.0,424.0,62.0,2007,15.0
17,Flagstaff,58978.0,316.0,3.0,51.0,63.0,199.0,3678.0,471.0,3087.0,120.0,2007,70.0
18,Florence,16964.0,49.0,0.0,0.0,2.0,47.0,173.0,25.0,133.0,15.0,2007,0.0
20,Gilbert,206681.0,236.0,1.0,23.0,56.0,156.0,4951.0,996.0,3530.0,425.0,2007,19.0
21,Glendale,250444.0,1508.0,15.0,58.0,542.0,893.0,12452.0,2766.0,6719.0,2967.0,2007,67.0
23,Goodyear,53834.0,143.0,1.0,31.0,27.0,84.0,2497.0,1179.0,996.0,322.0,2007,
28,Kingman,28306.0,89.0,1.0,8.0,16.0,64.0,2070.0,415.0,1485.0,170.0,2007,5.0
29,Lake Havasu City,58699.0,134.0,5.0,20.0,8.0,101.0,1813.0,307.0,1388.0,118.0,2007,10.0
31,Marana,33374.0,65.0,0.0,10.0,16.0,39.0,1149.0,180.0,841.0,128.0,2007,10.0
32,Mesa,454576.0,2224.0,22.0,175.0,620.0,1407.0,19945.0,2922.0,14063.0,2960.0,2007,54.0
34,Oro Valley,40364.0,24.0,0.0,6.0,5.0,13.0,759.0,134.0,580.0,45.0,2007,11.0
35,Paradise Valley,14594.0,7.0,0.0,0.0,1.0,6.0,352.0,204.0,124.0,24.0,2007,1.0
37,Peoria,147223.0,355.0,6.0,41.0,102.0,206.0,5802.0,1329.0,3697.0,776.0,2007,17.0
38,Phoenix,1541698.0,11159.0,213.0,509.0,4942.0,5495.0,89825.0,19212.0,49754.0,20859.0,2007,487.0
40,Prescott,42674.0,130.0,1.0,7.0,19.0,103.0,1387.0,279.0,1059.0,49.0,2007,2.0
41,Prescott,38204.0,194.0,0.0,14.0,10.0,170.0,851.0,168.0,635.0,48.0,2007,6.0
43,Sahuarita,16011.0,29.0,0.0,4.0,4.0,21.0,,,325.0,42.0,2007,2.0
44,Scottsdale,235243.0,438.0,5.0,41.0,143.0,249.0,8138.0,1523.0,5863.0,752.0,2007,31.0
45,Sedona,11484.0,9.0,0.0,3.0,1.0,5.0,275.0,84.0,180.0,11.0,2007,3.0
46,Show Low,11588.0,108.0,0.0,2.0,5.0,101.0,493.0,155.0,299.0,39.0,2007,1.0
47,Sierra Vista,43441.0,134.0,4.0,20.0,19.0,91.0,1644.0,283.0,1230.0,131.0,2007,26.0
49,Somerton,11370.0,22.0,0.0,0.0,2.0,20.0,220.0,49.0,132.0,39.0,2007,1.0
52,Surprise,98965.0,154.0,6.0,15.0,34.0,99.0,2493.0,534.0,1719.0,240.0,2007,20.0
53,Tempe,171320.0,916.0,10.0,63.0,330.0,513.0,11424.0,1866.0,7959.0,1599.0,2007,69.0
56,Tucson,523299.0,4103.0,49.0,277.0,1432.0,2345.0,,4787.0,,6767.0,2007,280.0
62,Yuma,88874.0,601.0,6.0,32.0,75.0,488.0,3913.0,888.0,2393.0,632.0,2007,30.0
0,Apache Junction,31521.0,123.0,2.0,6.0,31.0,84.0,1447.0,319.0,920.0,208.0,2008,16.0
4,Buckeye,32070.0,51.0,1.0,4.0,13.0,33.0,1542.0,472.0,929.0,141.0,2008,1.0
5,Bullhead City,41976.0,61.0,0.0,2.0,23.0,36.0,1702.0,452.0,1126.0,124.0,2008,8.0
6,Camp Verde,11011.0,33.0,0.0,1.0,0.0,32.0,232.0,51.0,170.0,11.0,2008,0.0
7,Casa Grande,39928.0,220.0,0.0,4.0,45.0,171.0,2956.0,1069.0,1629.0,258.0,2008,16.0
8,Chandler,253076.0,801.0,6.0,56.0,241.0,498.0,7984.0,1414.0,5768.0,802.0,2008,92.0
9,Chino Valley,11326.0,59.0,0.0,1.0,0.0,58.0,265.0,52.0,200.0,13.0,2008,2.0
14,Cottonwood,11520.0,48.0,0.0,1.0,4.0,43.0,532.0,79.0,424.0,29.0,2008,3.0
17,El Mirage,27543.0,72.0,1.0,6.0,38.0,27.0,1060.0,275.0,670.0,115.0,2008,8.0
18,Eloy,12214.0,91.0,0.0,13.0,16.0,62.0,627.0,226.0,343.0,58.0,2008,6.0
19,Flagstaff,60400.0,262.0,3.0,43.0,61.0,155.0,3364.0,409.0,2867.0,88.0,2008,27.0
20,Florence,17880.0,51.0,0.0,0.0,3.0,48.0,283.0,49.0,210.0,24.0,2008,1.0
22,Gilbert,220373.0,238.0,0.0,26.0,63.0,149.0,4933.0,1113.0,3429.0,391.0,2008,21.0
23,Glendale,256659.0,1330.0,17.0,66.0,588.0,659.0,13435.0,2665.0,8389.0,2381.0,2008,80.0
25,Goodyear,58732.0,144.0,6.0,19.0,33.0,86.0,2387.0,1153.0,961.0,273.0,2008,8.0
29,Kingman,28725.0,95.0,0.0,15.0,17.0,63.0,1587.0,301.0,1186.0,100.0,2008,4.0
30,Lake Havasu City,57616.0,100.0,1.0,18.0,10.0,71.0,1385.0,244.0,1056.0,85.0,2008,8.0
32,Marana,34549.0,33.0,0.0,4.0,15.0,14.0,1083.0,165.0,817.0,101.0,2008,1.0
33,Mesa,456821.0,2289.0,16.0,161.0,656.0,1456.0,17516.0,2866.0,12603.0,2047.0,2008,73.0
35,Nogales,19757.0,69.0,0.0,0.0,10.0,59.0,836.0,163.0,470.0,203.0,2008,0.0
36,Oro Valley,40785.0,26.0,1.0,6.0,7.0,12.0,740.0,138.0,564.0,38.0,2008,4.0
37,Paradise Valley,15134.0,9.0,0.0,0.0,1.0,8.0,351.0,237.0,101.0,13.0,2008,0.0
39,Peoria,151493.0,315.0,8.0,50.0,104.0,153.0,5339.0,1197.0,3572.0,570.0,2008,18.0
40,Phoenix,1585838.0,10465.0,167.0,481.0,4825.0,4992.0,82689.0,18783.0,48685.0,15221.0,2008,473.0
42,Prescott,43190.0,119.0,1.0,2.0,22.0,94.0,1230.0,244.0,946.0,40.0,2008,15.0
43,Prescott,39856.0,165.0,0.0,16.0,11.0,138.0,807.0,154.0,607.0,46.0,2008,4.0
45,Sahuarita,22389.0,26.0,1.0,3.0,6.0,16.0,523.0,78.0,421.0,24.0,2008,3.0
46,Scottsdale,238905.0,423.0,5.0,28.0,130.0,260.0,7903.0,1488.0,5897.0,518.0,2008,36.0
47,Sedona,11580.0,22.0,0.0,2.0,1.0,19.0,277.0,88.0,185.0,4.0,2008,4.0
48,Show Low,12394.0,114.0,0.0,6.0,3.0,105.0,591.0,182.0,394.0,15.0,2008,4.0
49,Sierra Vista,43642.0,111.0,1.0,13.0,24.0,73.0,1418.0,261.0,1056.0,101.0,2008,13.0
51,Somerton,11837.0,26.0,0.0,1.0,1.0,24.0,190.0,41.0,122.0,27.0,2008,3.0
53,Surprise,101141.0,115.0,0.0,8.0,45.0,62.0,2555.0,594.0,1753.0,208.0,2008,35.0
54,Tempe,176388.0,856.0,6.0,34.0,323.0,493.0,10242.0,1545.0,7584.0,1113.0,2008,54.0
57,Tucson,528917.0,4252.0,65.0,246.0,1451.0,2490.0,,5157.0,,5808.0,2008,318.0
63,Yuma,90245.0,511.0,4.0,25.0,56.0,426.0,3203.0,638.0,2196.0,369.0,2008,26.0
0,Apache Junction,32869.0,104.0,0.0,8.0,15.0,81.0,1200.0,296.0,780.0,124.0,2009,11.0
3,Buckeye,56780.0,69.0,1.0,6.0,15.0,47.0,1268.0,361.0,794.0,113.0,2009,3.0
4,Bullhead City,41721.0,65.0,1.0,1.0,27.0,36.0,1577.0,324.0,1166.0,87.0,2009,10.0
5,Camp Verde,11012.0,23.0,0.0,1.0,0.0,22.0,243.0,47.0,178.0,18.0,2009,3.0
6,Casa Grande,43254.0,254.0,4.0,6.0,60.0,184.0,2806.0,677.0,1901.0,228.0,2009,19.0
7,Chandler,256091.0,740.0,5.0,46.0,205.0,484.0,7458.0,1376.0,5599.0,483.0,2009,62.0
12,Cottonwood,11664.0,42.0,0.0,1.0,4.0,37.0,375.0,45.0,312.0,18.0,2009,4.0
15,El Mirage,28196.0,87.0,0.0,4.0,24.0,59.0,919.0,226.0,621.0,72.0,2009,12.0
16,Eloy,13049.0,106.0,0.0,21.0,15.0,70.0,590.0,217.0,328.0,45.0,2009,19.0
17,Flagstaff,61072.0,282.0,4.0,43.0,53.0,182.0,3118.0,303.0,2725.0,90.0,2009,17.0
18,Florence,21229.0,28.0,0.0,1.0,4.0,23.0,266.0,72.0,174.0,20.0,2009,0.0
20,Gilbert,231799.0,194.0,4.0,22.0,59.0,109.0,4571.0,1010.0,3337.0,224.0,2009,28.0
21,Glendale,255080.0,1147.0,18.0,54.0,420.0,655.0,12489.0,2551.0,8214.0,1724.0,2009,82.0
22,Goodyear,67390.0,134.0,0.0,14.0,28.0,92.0,2079.0,952.0,842.0,285.0,2009,18.0
26,Kingman,28700.0,90.0,3.0,10.0,12.0,65.0,1799.0,347.0,1348.0,104.0,2009,5.0
27,Lake Havasu City,58406.0,106.0,3.0,19.0,12.0,72.0,1362.0,323.0,955.0,84.0,2009,5.0
29,Marana,38028.0,46.0,0.0,4.0,22.0,20.0,1011.0,141.0,781.0,89.0,2009,7.0
31,Mesa,470833.0,2000.0,14.0,123.0,611.0,1252.0,16079.0,3076.0,11700.0,1303.0,2009,85.0
33,Nogales,19433.0,69.0,0.0,1.0,8.0,60.0,720.0,139.0,456.0,125.0,2009,0.0
34,Oro Valley,44854.0,21.0,0.0,2.0,3.0,16.0,691.0,122.0,536.0,33.0,2009,4.0
35,Paradise Valley,15141.0,14.0,0.0,1.0,7.0,6.0,327.0,227.0,85.0,15.0,2009,0.0
37,Peoria,164366.0,321.0,8.0,53.0,89.0,171.0,4872.0,1120.0,3303.0,449.0,2009,8.0
38,Phoenix,1597397.0,8730.0,122.0,522.0,3757.0,4329.0,65617.0,16281.0,39643.0,9693.0,2009,436.0
41,Prescott,43748.0,147.0,2.0,8.0,27.0,110.0,1238.0,266.0,941.0,31.0,2009,8.0
42,Prescott,40539.0,127.0,0.0,7.0,10.0,110.0,692.0,159.0,509.0,24.0,2009,4.0
45,Sahuarita,28201.0,14.0,0.0,2.0,2.0,10.0,333.0,53.0,257.0,23.0,2009,1.0
46,Scottsdale,239115.0,410.0,10.0,19.0,129.0,252.0,6798.0,1337.0,5155.0,306.0,2009,31.0
47,Sedona,11759.0,27.0,0.0,6.0,1.0,20.0,246.0,65.0,177.0,4.0,2009,2.0
48,Show Low,12929.0,99.0,3.0,4.0,1.0,91.0,451.0,131.0,305.0,15.0,2009,2.0
49,Sierra Vista,43956.0,111.0,1.0,13.0,23.0,74.0,1397.0,174.0,1159.0,64.0,2009,8.0
51,Somerton,13041.0,19.0,1.0,0.0,2.0,16.0,208.0,43.0,135.0,30.0,2009,4.0
54,Surprise,104692.0,111.0,1.0,9.0,37.0,64.0,2405.0,532.0,1706.0,167.0,2009,24.0
55,Tempe,177486.0,922.0,2.0,66.0,306.0,548.0,8986.0,1478.0,6692.0,816.0,2009,68.0
59,Tucson,547981.0,3560.0,35.0,204.0,1246.0,2075.0,,5062.0,,3564.0,2009,225.0
66,Yuma,91433.0,570.0,2.0,24.0,86.0,458.0,3471.0,1082.0,2075.0,314.0,2009,32.0
1,Apache Junction,34596.0,114.0,1.0,14.0,6.0,93.0,1605.0,385.0,986.0,234.0,2005,6.0
5,Bullhead City,38846.0,172.0,0.0,4.0,30.0,138.0,2211.0,498.0,1454.0,259.0,2005,19.0
6,Casa Grande,32253.0,266.0,3.0,4.0,53.0,206.0,3337.0,1208.0,1761.0,368.0,2005,16.0
7,Chandler,231613.0,826.0,8.0,54.0,200.0,564.0,8323.0,1439.0,5684.0,1200.0,2005,65.0
12,Cottonwood,10779.0,43.0,1.0,4.0,3.0,35.0,671.0,100.0,530.0,41.0,2005,5.0
15,El Mirage,21626.0,135.0,3.0,17.0,20.0,95.0,764.0,226.0,401.0,137.0,2005,5.0
16,Eloy,11059.0,106.0,1.0,7.0,18.0,80.0,766.0,294.0,402.0,70.0,2005,15.0
17,Flagstaff,58979.0,529.0,1.0,48.0,62.0,418.0,4277.0,511.0,3560.0,206.0,2005,59.0
18,Florence,17783.0,51.0,0.0,1.0,1.0,49.0,231.0,90.0,130.0,11.0,2005,0.0
20,Gilbert,162257.0,215.0,0.0,27.0,35.0,153.0,4455.0,975.0,3057.0,423.0,2005,18.0
21,Glendale,243608.0,1409.0,19.0,84.0,393.0,913.0,12413.0,3332.0,5980.0,3101.0,2005,73.0
23,Goodyear,38772.0,105.0,0.0,18.0,24.0,63.0,2041.0,1048.0,608.0,385.0,2005,13.0
27,Kingman,24997.0,95.0,0.0,13.0,15.0,67.0,2245.0,415.0,1624.0,206.0,2005,9.0
28,Lake Havasu City,55014.0,142.0,3.0,17.0,11.0,111.0,1842.0,315.0,1345.0,182.0,2005,8.0
30,Marana,23885.0,66.0,2.0,2.0,11.0,51.0,1217.0,176.0,878.0,163.0,2005,2.0
31,Mesa,452340.0,2280.0,29.0,194.0,460.0,1597.0,24071.0,3560.0,16263.0,4248.0,2005,52.0
33,Nogales,21321.0,74.0,0.0,3.0,11.0,60.0,713.0,114.0,453.0,146.0,2005,0.0
34,Oro Valley,38934.0,24.0,0.0,3.0,4.0,17.0,847.0,134.0,644.0,69.0,2005,8.0
36,Paradise Valley,14818.0,12.0,0.0,2.0,3.0,7.0,392.0,233.0,143.0,16.0,2005,4.0
38,Payson,14966.0,17.0,0.0,4.0,2.0,11.0,410.0,56.0,344.0,10.0,2005,1.0
39,Peoria,136995.0,289.0,1.0,38.0,69.0,181.0,5984.0,1127.0,3710.0,1147.0,2005,20.0
40,Phoenix,1466296.0,10691.0,220.0,533.0,4237.0,5701.0,93328.0,16255.0,52537.0,24536.0,2005,472.0
41,Prescott,40255.0,143.0,0.0,12.0,22.0,109.0,1878.0,386.0,1365.0,127.0,2005,19.0
42,Prescott,31260.0,145.0,2.0,10.0,7.0,126.0,801.0,137.0,604.0,60.0,2005,3.0
45,Scottsdale,229339.0,465.0,4.0,51.0,125.0,285.0,7733.0,1869.0,4703.0,1161.0,2005,30.0
46,Sedona,11444.0,22.0,0.0,6.0,1.0,15.0,324.0,78.0,236.0,10.0,2005,1.0
48,Sierra Vista,42209.0,123.0,4.0,11.0,33.0,75.0,1482.0,240.0,1116.0,126.0,2005,9.0
54,Surprise,62751.0,84.0,1.0,12.0,15.0,56.0,1863.0,290.0,1332.0,241.0,2005,11.0
55,Tempe,166144.0,1060.0,4.0,72.0,326.0,658.0,12400.0,1835.0,8260.0,2305.0,2005,57.0
58,Tucson,529447.0,5048.0,55.0,378.0,1685.0,2930.0,31299.0,5130.0,19642.0,6527.0,2005,307.0
65,Yuma,86157.0,565.0,10.0,30.0,76.0,449.0,3863.0,749.0,2523.0,591.0,2005,40.0
